year,democ,autoc,polity,polity2,durable,xrreg,xrcomp,xropen,xconst,parreg,parcomp,exconst,d5,sf,Predicted Stability,Country,Year
2014,1,2,-1,-1.0,0.0,2,1,4,4,1,0,4,1.0,0.0,1,Afghanistan,2014
2015,1,2,-1,-1.0,1.0,2,1,4,4,1,0,4,0.0,0.0,0,Afghanistan,2015
2016,1,2,-1,-1.0,2.0,2,1,4,4,1,0,4,0.0,0.0,0,Afghanistan,2016
2017,1,2,-1,-1.0,3.0,2,1,4,4,1,0,4,0.0,0.0,0,Afghanistan,2017
2018,1,2,-1,-1.0,4.0,2,1,4,4,1,0,4,0.0,0.0,0,Afghanistan,2018
2010,9,0,9,9.0,13.0,3,3,4,7,2,4,7,0.0,0.0,0,Albania,2010
2011,9,0,9,9.0,14.0,3,3,4,7,2,4,7,0.0,0.0,0,Albania,2011
2012,9,0,9,9.0,15.0,3,3,4,7,2,4,7,0.0,0.0,0,Albania,2012
2013,9,0,9,9.0,16.0,3,3,4,7,2,4,7,0.0,0.0,0,Albania,2013
2014,9,0,9,9.0,17.0,3,3,4,7,2,4,7,0.0,0.0,0,Albania,2014
2015,9,0,9,9.0,18.0,3,3,4,7,2,4,7,0.0,0.0,0,Albania,2015
2016,9,0,9,9.0,19.0,3,3,4,7,2,4,7,0.0,0.0,0,Albania,2016
2017,9,0,9,9.0,20.0,3,3,4,7,2,4,7,0.0,0.0,0,Albania,2017
2018,9,0,9,9.0,21.0,3,3,4,7,2,4,7,0.0,0.0,0,Albania,2018
2010,3,1,2,2.0,6.0,2,0,0,5,3,3,5,0.0,0.0,0,Algeria,2010
2011,3,1,2,2.0,7.0,2,0,0,5,3,3,5,0.0,0.0,0,Algeria,2011
2012,3,1,2,2.0,8.0,2,0,0,5,3,3,5,0.0,0.0,0,Algeria,2012
2013,3,1,2,2.0,9.0,2,0,0,5,3,3,5,0.0,0.0,0,Algeria,2013
2014,3,1,2,2.0,10.0,2,0,0,5,3,3,5,0.0,0.0,0,Algeria,2014
2015,3,1,2,2.0,11.0,2,0,0,5,3,3,5,0.0,0.0,0,Algeria,2015
2016,3,1,2,2.0,12.0,2,0,0,5,3,3,5,0.0,0.0,0,Algeria,2016
2017,3,1,2,2.0,13.0,2,0,0,5,3,3,5,0.0,0.0,0,Algeria,2017
2018,3,1,2,2.0,14.0,2,0,0,5,3,3,5,0.0,0.0,0,Algeria,2018
2010,2,4,-2,-2.0,8.0,2,1,4,3,3,4,3,0.0,0.0,0,Angola,2010
2011,2,4,-2,-2.0,9.0,2,1,4,3,3,4,3,0.0,0.0,0,Angola,2011
2012,2,4,-2,-2.0,10.0,2,1,4,3,3,4,3,0.0,0.0,0,Angola,2012
2013,2,4,-2,-2.0,11.0,2,1,4,3,3,4,3,0.0,0.0,0,Angola,2013
2014,2,4,-2,-2.0,12.0,2,1,4,3,3,4,3,0.0,0.0,0,Angola,2014
2015,2,4,-2,-2.0,13.0,2,1,4,3,3,4,3,0.0,0.0,0,Angola,2015
2016,2,4,-2,-2.0,14.0,2,1,4,3,3,4,3,0.0,0.0,0,Angola,2016
2017,2,4,-2,-2.0,15.0,2,1,4,3,3,4,3,0.0,0.0,0,Angola,2017
2018,2,4,-2,-2.0,16.0,2,1,4,3,3,4,3,0.0,0.0,0,Angola,2018
2010,8,0,8,8.0,27.0,3,3,4,6,2,4,6,0.0,0.0,0,Argentina,2010
2011,8,0,8,8.0,28.0,3,3,4,6,2,4,6,0.0,0.0,0,Argentina,2011
2012,8,0,8,8.0,29.0,3,3,4,6,2,4,6,0.0,0.0,0,Argentina,2012
2013,8,0,8,8.0,30.0,3,3,4,6,2,4,6,0.0,0.0,0,Argentina,2013
2014,8,0,8,8.0,31.0,3,3,4,6,2,4,6,0.0,0.0,0,Argentina,2014
2015,9,0,9,9.0,32.0,3,3,4,7,2,4,7,1.0,0.0,0,Argentina,2015
2016,9,0,9,9.0,33.0,3,3,4,7,2,4,7,0.0,0.0,0,Argentina,2016
2017,9,0,9,9.0,34.0,3,3,4,7,2,4,7,0.0,0.0,0,Argentina,2017
2018,9,0,9,9.0,35.0,3,3,4,7,2,4,7,0.0,0.0,0,Argentina,2018
2010,5,0,5,5.0,12.0,2,2,4,5,2,3,5,0.0,0.0,0,Armenia,2010
2011,5,0,5,5.0,13.0,2,2,4,5,2,3,5,0.0,0.0,0,Armenia,2011
2012,5,0,5,5.0,14.0,2,2,4,5,2,3,5,0.0,0.0,0,Armenia,2012
2013,5,0,5,5.0,15.0,2,2,4,5,2,3,5,0.0,0.0,0,Armenia,2013
2014,5,0,5,5.0,16.0,2,2,4,5,2,3,5,0.0,0.0,0,Armenia,2014
2015,5,0,5,5.0,17.0,2,2,4,5,2,3,5,0.0,0.0,0,Armenia,2015
2016,5,0,5,5.0,18.0,2,2,4,5,2,3,5,0.0,0.0,0,Armenia,2016
2017,5,0,5,5.0,19.0,2,2,4,5,2,3,5,0.0,0.0,0,Armenia,2017
2018,7,0,7,7.0,20.0,2,2,4,6,2,4,6,1.0,0.0,0,Armenia,2018
2010,10,0,10,10.0,109.0,3,3,4,7,5,5,7,0.0,0.0,0,Australia,2010
2011,10,0,10,10.0,110.0,3,3,4,7,5,5,7,0.0,0.0,0,Australia,2011
2012,10,0,10,10.0,111.0,3,3,4,7,5,5,7,0.0,0.0,0,Australia,2012
2013,10,0,10,10.0,112.0,3,3,4,7,5,5,7,0.0,0.0,0,Australia,2013
2014,10,0,10,10.0,113.0,3,3,4,7,5,5,7,0.0,0.0,0,Australia,2014
2015,10,0,10,10.0,114.0,3,3,4,7,5,5,7,0.0,0.0,0,Australia,2015
2016,10,0,10,10.0,115.0,3,3,4,7,5,5,7,0.0,0.0,0,Australia,2016
2017,10,0,10,10.0,116.0,3,3,4,7,5,5,7,0.0,0.0,0,Australia,2017
2018,10,0,10,10.0,117.0,3,3,4,7,5,5,7,0.0,0.0,0,Australia,2018
2010,10,0,10,10.0,64.0,3,3,4,7,5,5,7,0.0,0.0,0,Austria,2010
2011,10,0,10,10.0,65.0,3,3,4,7,5,5,7,0.0,0.0,0,Austria,2011
2012,10,0,10,10.0,66.0,3,3,4,7,5,5,7,0.0,0.0,0,Austria,2012
2013,10,0,10,10.0,67.0,3,3,4,7,5,5,7,0.0,0.0,0,Austria,2013
2014,10,0,10,10.0,68.0,3,3,4,7,5,5,7,0.0,0.0,0,Austria,2014
2015,10,0,10,10.0,69.0,3,3,4,7,5,5,7,0.0,0.0,0,Austria,2015
2016,10,0,10,10.0,70.0,3,3,4,7,5,5,7,0.0,0.0,0,Austria,2016
2017,10,0,10,10.0,71.0,3,3,4,7,5,5,7,0.0,0.0,0,Austria,2017
2018,10,0,10,10.0,72.0,3,3,4,7,5,5,7,0.0,0.0,0,Austria,2018
2010,0,7,-7,-7.0,15.0,2,1,4,2,4,2,2,0.0,0.0,0,Azerbaijan,2010
2011,0,7,-7,-7.0,16.0,2,1,4,2,4,2,2,0.0,0.0,0,Azerbaijan,2011
2012,0,7,-7,-7.0,17.0,2,1,4,2,4,2,2,0.0,0.0,0,Azerbaijan,2012
2013,0,7,-7,-7.0,18.0,2,1,4,2,4,2,2,0.0,0.0,0,Azerbaijan,2013
2014,0,7,-7,-7.0,19.0,2,1,4,2,4,2,2,0.0,0.0,0,Azerbaijan,2014
2015,0,7,-7,-7.0,20.0,2,1,4,2,4,2,2,0.0,0.0,0,Azerbaijan,2015
2016,0,7,-7,-7.0,21.0,2,1,4,2,4,2,2,0.0,0.0,0,Azerbaijan,2016
2017,0,7,-7,-7.0,22.0,2,1,4,2,4,2,2,0.0,0.0,0,Azerbaijan,2017
2018,0,7,-7,-7.0,23.0,2,1,4,2,4,2,2,0.0,0.0,0,Azerbaijan,2018
2010,1,6,-5,-5.0,35.0,3,1,1,2,3,3,2,1.0,0.0,0,Bahrain,2010
2011,0,8,-8,-8.0,0.0,3,1,1,2,4,2,2,0.0,0.0,1,Bahrain,2011
2012,0,10,-10,-10.0,1.0,3,1,1,1,4,1,1,1.0,0.0,0,Bahrain,2012
2013,0,10,-10,-10.0,2.0,3,1,1,1,4,1,1,0.0,0.0,0,Bahrain,2013
2014,0,10,-10,-10.0,3.0,3,1,1,1,4,1,1,0.0,0.0,0,Bahrain,2014
2015,0,10,-10,-10.0,4.0,3,1,1,1,4,1,1,0.0,0.0,0,Bahrain,2015
2016,0,10,-10,-10.0,5.0,3,1,1,1,4,1,1,0.0,0.0,0,Bahrain,2016
2017,0,10,-10,-10.0,6.0,3,1,1,1,4,1,1,0.0,0.0,0,Bahrain,2017
2018,0,10,-10,-10.0,7.0,3,1,1,1,4,1,1,0.0,0.0,0,Bahrain,2018
2010,8,0,8,8.0,158.0,3,3,4,7,2,3,7,0.0,0.0,0,Belgium,2010
2011,8,0,8,8.0,159.0,3,3,4,7,2,3,7,0.0,0.0,0,Belgium,2011
2012,8,0,8,8.0,160.0,3,3,4,7,2,3,7,0.0,0.0,0,Belgium,2012
2013,8,0,8,8.0,161.0,3,3,4,7,2,3,7,0.0,0.0,0,Belgium,2013
2014,8,0,8,8.0,162.0,3,3,4,7,2,3,7,0.0,0.0,0,Belgium,2014
2015,8,0,8,8.0,163.0,3,3,4,7,2,3,7,0.0,0.0,0,Belgium,2015
2016,8,0,8,8.0,164.0,3,3,4,7,2,3,7,0.0,0.0,0,Belgium,2016
2017,8,0,8,8.0,165.0,3,3,4,7,2,3,7,0.0,0.0,0,Belgium,2017
2018,8,0,8,8.0,166.0,3,3,4,7,2,3,7,0.0,0.0,0,Belgium,2018
2010,7,0,7,7.0,19.0,3,3,4,5,2,4,5,0.0,0.0,0,Benin,2010
2011,7,0,7,7.0,20.0,3,3,4,5,2,4,5,0.0,0.0,0,Benin,2011
2012,7,0,7,7.0,21.0,3,3,4,5,2,4,5,0.0,0.0,0,Benin,2012
2013,7,0,7,7.0,22.0,3,3,4,5,2,4,5,0.0,0.0,0,Benin,2013
2014,7,0,7,7.0,23.0,3,3,4,5,2,4,5,0.0,0.0,0,Benin,2014
2015,7,0,7,7.0,24.0,3,3,4,5,2,4,5,0.0,0.0,0,Benin,2015
2016,7,0,7,7.0,25.0,3,3,4,5,2,4,5,0.0,0.0,0,Benin,2016
2017,7,0,7,7.0,26.0,3,3,4,5,2,4,5,0.0,0.0,0,Benin,2017
2018,7,0,7,7.0,27.0,3,3,4,5,2,4,5,0.0,0.0,0,Benin,2018
2010,2,2,0,0.0,9.0,2,0,0,3,3,4,3,0.0,0.0,0,Burkina Faso,2010
2011,2,2,0,0.0,10.0,2,0,0,3,3,4,3,0.0,0.0,0,Burkina Faso,2011
2012,2,2,0,0.0,11.0,2,0,0,3,3,4,3,0.0,0.0,0,Burkina Faso,2012
2013,2,2,0,0.0,12.0,2,0,0,3,3,4,3,0.0,0.0,0,Burkina Faso,2013
2014,2,2,0,0.0,13.0,2,0,0,3,3,4,3,0.0,0.0,0,Burkina Faso,2014
2015,7,1,6,6.0,0.0,2,2,4,6,3,4,6,1.0,0.0,1,Burkina Faso,2015
2016,7,1,6,6.0,1.0,2,2,4,6,3,4,6,0.0,0.0,0,Burkina Faso,2016
2017,7,1,6,6.0,2.0,2,2,4,6,3,4,6,0.0,0.0,0,Burkina Faso,2017
2018,7,1,6,6.0,3.0,2,2,4,6,3,4,6,0.0,0.0,0,Burkina Faso,2018
2010,3,0,3,3.0,2.0,3,2,3,4,2,0,4,0.0,0.0,0,Bhutan,2010
2011,3,0,3,3.0,3.0,3,2,3,4,2,0,4,0.0,0.0,0,Bhutan,2011
2012,3,0,3,3.0,4.0,3,2,3,4,2,0,4,0.0,0.0,0,Bhutan,2012
2013,6,1,5,5.0,5.0,3,2,3,5,3,4,5,1.0,0.0,0,Bhutan,2013
2014,6,1,5,5.0,6.0,3,2,3,5,3,4,5,0.0,0.0,0,Bhutan,2014
2015,6,1,5,5.0,7.0,3,2,3,5,3,4,5,0.0,0.0,0,Bhutan,2015
2016,6,1,5,5.0,8.0,3,2,3,5,3,4,5,0.0,0.0,0,Bhutan,2016
2017,6,1,5,5.0,9.0,3,2,3,5,3,4,5,0.0,0.0,0,Bhutan,2017
2018,7,0,7,7.0,10.0,3,2,3,6,2,4,6,1.0,0.0,0,Bhutan,2018
2010,0,7,-7,-7.0,14.0,2,1,4,2,4,2,2,0.0,0.0,0,Belarus,2010
2011,0,7,-7,-7.0,15.0,2,1,4,2,4,2,2,0.0,0.0,0,Belarus,2011
2012,0,7,-7,-7.0,16.0,2,1,4,2,4,2,2,0.0,0.0,0,Belarus,2012
2013,0,7,-7,-7.0,17.0,2,1,4,2,4,2,2,0.0,0.0,0,Belarus,2013
2014,0,7,-7,-7.0,18.0,2,1,4,2,4,2,2,0.0,0.0,0,Belarus,2014
2015,0,7,-7,-7.0,19.0,2,1,4,2,4,2,2,0.0,0.0,0,Belarus,2015
2016,0,7,-7,-7.0,20.0,2,1,4,2,4,2,2,0.0,0.0,0,Belarus,2016
2017,0,7,-7,-7.0,21.0,2,1,4,2,4,2,2,0.0,0.0,0,Belarus,2017
2018,0,7,-7,-7.0,22.0,2,1,4,2,4,2,2,0.0,0.0,0,Belarus,2018
2010,6,1,5,5.0,1.0,2,2,4,5,3,4,5,0.0,0.0,0,Bangladesh,2010
2011,6,1,5,5.0,2.0,2,2,4,5,3,4,5,0.0,0.0,0,Bangladesh,2011
2012,6,1,5,5.0,3.0,2,2,4,5,3,4,5,0.0,0.0,0,Bangladesh,2012
2013,5,1,4,4.0,4.0,2,2,4,5,3,3,5,0.0,0.0,0,Bangladesh,2013
2014,3,2,1,1.0,0.0,2,2,4,3,3,3,3,1.0,0.0,1,Bangladesh,2014
2015,3,2,1,1.0,1.0,2,2,4,3,3,3,3,0.0,0.0,0,Bangladesh,2015
2016,3,2,1,1.0,2.0,2,2,4,3,3,3,3,0.0,0.0,0,Bangladesh,2016
2017,3,2,1,1.0,3.0,2,2,4,3,3,3,3,0.0,0.0,0,Bangladesh,2017
2018,0,6,-6,-6.0,0.0,2,1,4,2,3,2,2,1.0,0.0,1,Bangladesh,2018
2010,7,0,7,7.0,28.0,3,3,4,6,2,3,6,0.0,0.0,0,Bolivia,2010
2011,7,0,7,7.0,29.0,3,3,4,6,2,3,6,0.0,0.0,0,Bolivia,2011
2012,7,0,7,7.0,30.0,3,3,4,6,2,3,6,0.0,0.0,0,Bolivia,2012
2013,7,0,7,7.0,31.0,3,3,4,6,2,3,6,0.0,0.0,0,Bolivia,2013
2014,7,0,7,7.0,32.0,3,3,4,6,2,3,6,0.0,0.0,0,Bolivia,2014
2015,7,0,7,7.0,33.0,3,3,4,6,2,3,6,0.0,0.0,0,Bolivia,2015
2016,7,0,7,7.0,34.0,3,3,4,6,2,3,6,0.0,0.0,0,Bolivia,2016
2017,7,0,7,7.0,35.0,3,3,4,6,2,3,6,0.0,0.0,0,Bolivia,2017
2018,7,0,7,7.0,36.0,3,3,4,6,2,3,6,0.0,0.0,0,Bolivia,2018
2010,8,0,8,8.0,44.0,2,2,4,7,2,4,7,0.0,0.0,0,Botswana,2010
2011,8,0,8,8.0,45.0,2,2,4,7,2,4,7,0.0,0.0,0,Botswana,2011
2012,8,0,8,8.0,46.0,2,2,4,7,2,4,7,0.0,0.0,0,Botswana,2012
2013,8,0,8,8.0,47.0,2,2,4,7,2,4,7,0.0,0.0,0,Botswana,2013
2014,8,0,8,8.0,48.0,2,2,4,7,2,4,7,0.0,0.0,0,Botswana,2014
2015,8,0,8,8.0,49.0,2,2,4,7,2,4,7,0.0,0.0,0,Botswana,2015
2016,8,0,8,8.0,50.0,2,2,4,7,2,4,7,0.0,0.0,0,Botswana,2016
2017,8,0,8,8.0,51.0,2,2,4,7,2,4,7,0.0,0.0,0,Botswana,2017
2018,8,0,8,8.0,52.0,2,2,4,7,2,4,7,0.0,0.0,0,Botswana,2018
2010,8,0,8,8.0,25.0,3,3,4,6,2,4,6,0.0,0.0,0,Brazil,2010
2011,8,0,8,8.0,26.0,3,3,4,6,2,4,6,0.0,0.0,0,Brazil,2011
2012,8,0,8,8.0,27.0,3,3,4,6,2,4,6,0.0,0.0,0,Brazil,2012
2013,8,0,8,8.0,28.0,3,3,4,6,2,4,6,0.0,0.0,0,Brazil,2013
2014,8,0,8,8.0,29.0,3,3,4,6,2,4,6,0.0,0.0,0,Brazil,2014
2015,8,0,8,8.0,30.0,3,3,4,6,2,4,6,0.0,0.0,0,Brazil,2015
2016,8,0,8,8.0,31.0,3,3,4,6,2,4,6,0.0,0.0,0,Brazil,2016
2017,8,0,8,8.0,32.0,3,3,4,6,2,4,6,0.0,0.0,0,Brazil,2017
2018,8,0,8,8.0,33.0,3,3,4,6,2,4,6,0.0,0.0,0,Brazil,2018
2010,7,1,6,6.0,12.0,2,2,4,6,3,4,6,0.0,0.0,0,Burundi,2010
2011,7,1,6,6.0,13.0,2,2,4,6,3,4,6,0.0,0.0,0,Burundi,2011
2012,7,1,6,6.0,14.0,2,2,4,6,3,4,6,0.0,0.0,0,Burundi,2012
2013,7,1,6,6.0,15.0,2,2,4,6,3,4,6,0.0,0.0,0,Burundi,2013
2014,7,1,6,6.0,16.0,2,2,4,6,3,4,6,0.0,0.0,0,Burundi,2014
2015,2,3,-1,-1.0,0.0,2,1,4,4,3,3,4,1.0,0.0,1,Burundi,2015
2016,2,3,-1,-1.0,1.0,2,1,4,4,3,3,4,0.0,0.0,0,Burundi,2016
2017,2,3,-1,-1.0,2.0,2,1,4,4,3,3,4,0.0,0.0,0,Burundi,2017
2018,2,3,-1,-1.0,3.0,2,1,4,4,3,3,4,0.0,0.0,0,Burundi,2018
2010,9,0,9,9.0,20.0,3,3,4,7,2,4,7,0.0,0.0,0,Bulgaria,2010
2011,9,0,9,9.0,21.0,3,3,4,7,2,4,7,0.0,0.0,0,Bulgaria,2011
2012,9,0,9,9.0,22.0,3,3,4,7,2,4,7,0.0,0.0,0,Bulgaria,2012
2013,9,0,9,9.0,23.0,3,3,4,7,2,4,7,0.0,0.0,0,Bulgaria,2013
2014,9,0,9,9.0,24.0,3,3,4,7,2,4,7,0.0,0.0,0,Bulgaria,2014
2015,9,0,9,9.0,25.0,3,3,4,7,2,4,7,0.0,0.0,0,Bulgaria,2015
2016,9,0,9,9.0,26.0,3,3,4,7,2,4,7,0.0,0.0,0,Bulgaria,2016
2017,9,0,9,9.0,27.0,3,3,4,7,2,4,7,0.0,0.0,0,Bulgaria,2017
2018,9,0,9,9.0,28.0,3,3,4,7,2,4,7,0.0,0.0,0,Bulgaria,2018
2010,3,1,2,2.0,12.0,2,0,0,4,3,4,4,0.0,0.0,0,Cambodia,2010
2011,3,1,2,2.0,13.0,2,0,0,4,3,4,4,0.0,0.0,0,Cambodia,2011
2012,3,1,2,2.0,14.0,2,0,0,4,3,4,4,0.0,0.0,0,Cambodia,2012
2013,3,1,2,2.0,15.0,2,0,0,5,3,3,5,1.0,0.0,0,Cambodia,2013
2014,3,1,2,2.0,16.0,2,0,0,5,3,3,5,0.0,0.0,0,Cambodia,2014
2015,3,1,2,2.0,17.0,2,0,0,5,3,3,5,0.0,0.0,0,Cambodia,2015
2016,3,1,2,2.0,18.0,2,0,0,5,3,3,5,0.0,0.0,0,Cambodia,2016
2017,0,4,-4,-4.0,0.0,1,0,0,2,3,2,2,1.0,0.0,1,Cambodia,2017
2018,0,4,-4,-4.0,1.0,1,0,0,2,3,2,2,0.0,0.0,0,Cambodia,2018
2010,10,0,10,10.0,122.0,3,3,4,7,5,5,7,0.0,0.0,0,Canada,2010
2011,10,0,10,10.0,123.0,3,3,4,7,5,5,7,0.0,0.0,0,Canada,2011
2012,10,0,10,10.0,124.0,3,3,4,7,5,5,7,0.0,0.0,0,Canada,2012
2013,10,0,10,10.0,125.0,3,3,4,7,5,5,7,0.0,0.0,0,Canada,2013
2014,10,0,10,10.0,126.0,3,3,4,7,5,5,7,0.0,0.0,0,Canada,2014
2015,10,0,10,10.0,127.0,3,3,4,7,5,5,7,0.0,0.0,0,Canada,2015
2016,10,0,10,10.0,128.0,3,3,4,7,5,5,7,0.0,0.0,0,Canada,2016
2017,10,0,10,10.0,129.0,3,3,4,7,5,5,7,0.0,0.0,0,Canada,2017
2018,10,0,10,10.0,130.0,3,3,4,7,5,5,7,0.0,0.0,0,Canada,2018
2010,0,5,-5,-5.0,20.0,1,0,0,2,4,2,2,0.0,0.0,0,Cameroon,2010
2011,0,5,-5,-5.0,21.0,1,0,0,2,4,2,2,0.0,0.0,0,Cameroon,2011
2012,0,5,-5,-5.0,22.0,1,0,0,2,4,2,2,0.0,0.0,0,Cameroon,2012
2013,0,5,-5,-5.0,23.0,1,0,0,2,4,2,2,0.0,0.0,0,Cameroon,2013
2014,0,5,-5,-5.0,24.0,1,0,0,2,4,2,2,0.0,0.0,0,Cameroon,2014
2015,0,5,-5,-5.0,25.0,1,0,0,2,4,2,2,0.0,0.0,0,Cameroon,2015
2016,0,5,-5,-5.0,26.0,1,0,0,2,4,2,2,0.0,0.0,0,Cameroon,2016
2017,0,5,-5,-5.0,27.0,1,0,0,2,4,2,2,0.0,0.0,0,Cameroon,2017
2018,0,5,-5,-5.0,28.0,1,0,0,2,4,2,2,0.0,0.0,0,Cameroon,2018
2010,10,0,10,10.0,19.0,3,3,4,7,5,5,7,0.0,0.0,0,Cape Verde,2010
2011,10,0,10,10.0,20.0,3,3,4,7,5,5,7,0.0,0.0,0,Cape Verde,2011
2012,10,0,10,10.0,21.0,3,3,4,7,5,5,7,0.0,0.0,0,Cape Verde,2012
2013,10,0,10,10.0,22.0,3,3,4,7,5,5,7,0.0,0.0,0,Cape Verde,2013
2014,10,0,10,10.0,23.0,3,3,4,7,5,5,7,0.0,0.0,0,Cape Verde,2014
2015,10,0,10,10.0,24.0,3,3,4,7,5,5,7,0.0,0.0,0,Cape Verde,2015
2016,10,0,10,10.0,25.0,3,3,4,7,5,5,7,0.0,0.0,0,Cape Verde,2016
2017,10,0,10,10.0,26.0,3,3,4,7,5,5,7,0.0,0.0,0,Cape Verde,2017
2018,10,0,10,10.0,27.0,3,3,4,7,5,5,7,0.0,0.0,0,Cape Verde,2018
2010,1,2,-1,-1.0,7.0,2,0,0,3,3,3,3,0.0,0.0,0,Central African Republic,2010
2011,1,2,-1,-1.0,8.0,2,0,0,3,3,3,3,0.0,0.0,0,Central African Republic,2011
2012,1,2,-1,-1.0,9.0,2,0,0,3,3,3,3,0.0,0.0,0,Central African Republic,2012
2013,-77,-77,-77,0.0,10.0,-77,-77,-77,-77,-77,-77,-77,0.0,1.0,1,Central African Republic,2013
2014,-77,-77,-77,0.0,11.0,-77,-77,-77,-77,-77,-77,-77,0.0,1.0,1,Central African Republic,2014
2015,-77,-77,-77,0.0,12.0,-77,-77,-77,-77,-77,-77,-77,0.0,1.0,1,Central African Republic,2015
2016,7,1,6,6.0,0.0,2,2,4,7,3,3,7,1.0,1.0,1,Central African Republic,2016
2017,7,1,6,6.0,1.0,2,2,4,7,3,3,7,0.0,0.0,0,Central African Republic,2017
2018,7,1,6,6.0,2.0,2,2,4,7,3,3,7,0.0,0.0,0,Central African Republic,2018
2010,1,2,-1,-1.0,20.0,1,0,0,3,3,3,3,0.0,0.0,0,Chad,2010
2011,1,2,-1,-1.0,21.0,1,0,0,3,3,3,3,0.0,0.0,0,Chad,2011
2012,1,2,-1,-1.0,22.0,1,0,0,3,3,3,3,0.0,0.0,0,Chad,2012
2013,1,2,-1,-1.0,23.0,1,0,0,3,3,3,3,0.0,0.0,0,Chad,2013
2014,1,2,-1,-1.0,24.0,1,0,0,3,3,3,3,0.0,0.0,0,Chad,2014
2015,1,2,-1,-1.0,25.0,1,0,0,3,3,3,3,0.0,0.0,0,Chad,2015
2016,1,2,-1,-1.0,26.0,1,0,0,3,3,3,3,0.0,0.0,0,Chad,2016
2017,1,2,-1,-1.0,27.0,1,0,0,3,3,3,3,0.0,0.0,0,Chad,2017
2018,1,2,-1,-1.0,28.0,1,0,0,3,3,3,3,0.0,0.0,0,Chad,2018
2010,10,0,10,10.0,21.0,3,3,4,7,5,5,7,0.0,0.0,0,Chile,2010
2011,10,0,10,10.0,22.0,3,3,4,7,5,5,7,0.0,0.0,0,Chile,2011
2012,10,0,10,10.0,23.0,3,3,4,7,5,5,7,0.0,0.0,0,Chile,2012
2013,10,0,10,10.0,24.0,3,3,4,7,5,5,7,0.0,0.0,0,Chile,2013
2014,10,0,10,10.0,25.0,3,3,4,7,5,5,7,0.0,0.0,0,Chile,2014
2015,10,0,10,10.0,26.0,3,3,4,7,5,5,7,0.0,0.0,0,Chile,2015
2016,10,0,10,10.0,27.0,3,3,4,7,5,5,7,0.0,0.0,0,Chile,2016
2017,10,0,10,10.0,28.0,3,3,4,7,5,5,7,0.0,0.0,0,Chile,2017
2018,10,0,10,10.0,29.0,3,3,4,7,5,5,7,0.0,0.0,0,Chile,2018
2010,0,7,-7,-7.0,61.0,2,1,4,3,4,1,3,0.0,0.0,0,China,2010
2011,0,7,-7,-7.0,62.0,2,1,4,3,4,1,3,0.0,0.0,0,China,2011
2012,0,7,-7,-7.0,63.0,2,1,4,3,4,1,3,0.0,0.0,0,China,2012
2013,0,7,-7,-7.0,64.0,2,1,4,3,4,1,3,0.0,0.0,0,China,2013
2014,0,7,-7,-7.0,65.0,2,1,4,3,4,1,3,0.0,0.0,0,China,2014
2015,0,7,-7,-7.0,66.0,2,1,4,3,4,1,3,0.0,0.0,0,China,2015
2016,0,7,-7,-7.0,67.0,2,1,4,3,4,1,3,0.0,0.0,0,China,2016
2017,0,7,-7,-7.0,68.0,2,1,4,3,4,1,3,0.0,0.0,0,China,2017
2018,0,7,-7,-7.0,69.0,2,1,4,3,4,1,3,0.0,0.0,0,China,2018
2010,7,0,7,7.0,53.0,3,3,4,6,2,3,6,0.0,0.0,0,Colombia,2010
2011,7,0,7,7.0,54.0,3,3,4,6,2,3,6,0.0,0.0,0,Colombia,2011
2012,7,0,7,7.0,55.0,3,3,4,6,2,3,6,0.0,0.0,0,Colombia,2012
2013,7,0,7,7.0,56.0,3,3,4,6,2,3,6,0.0,0.0,0,Colombia,2013
2014,7,0,7,7.0,57.0,3,3,4,6,2,3,6,0.0,0.0,0,Colombia,2014
2015,7,0,7,7.0,58.0,3,3,4,6,2,3,6,0.0,0.0,0,Colombia,2015
2016,7,0,7,7.0,59.0,3,3,4,6,2,3,6,0.0,0.0,0,Colombia,2016
2017,7,0,7,7.0,60.0,3,3,4,6,2,3,6,0.0,0.0,0,Colombia,2017
2018,7,0,7,7.0,61.0,3,3,4,6,2,3,6,0.0,0.0,0,Colombia,2018
2010,9,0,9,9.0,4.0,3,3,4,7,2,4,7,0.0,0.0,0,Comoros,2010
2011,9,0,9,9.0,5.0,3,3,4,7,2,4,7,0.0,0.0,0,Comoros,2011
2012,9,0,9,9.0,6.0,3,3,4,7,2,4,7,0.0,0.0,0,Comoros,2012
2013,9,0,9,9.0,7.0,3,3,4,7,2,4,7,0.0,0.0,0,Comoros,2013
2014,9,0,9,9.0,8.0,3,3,4,7,2,4,7,0.0,0.0,0,Comoros,2014
2015,9,0,9,9.0,9.0,3,3,4,7,2,4,7,0.0,0.0,0,Comoros,2015
2016,9,0,9,9.0,10.0,3,3,4,7,2,4,7,0.0,0.0,0,Comoros,2016
2017,9,0,9,9.0,11.0,3,3,4,7,2,4,7,0.0,0.0,0,Comoros,2017
2018,0,3,-3,-3.0,0.0,1,0,0,3,3,2,3,1.0,0.0,1,Comoros,2018
2010,0,4,-4,-4.0,13.0,1,0,0,2,3,2,2,0.0,0.0,0,Congo Brazzaville,2010
2011,0,4,-4,-4.0,14.0,1,0,0,2,3,2,2,0.0,0.0,0,Congo Brazzaville,2011
2012,0,4,-4,-4.0,15.0,1,0,0,2,3,2,2,0.0,0.0,0,Congo Brazzaville,2012
2013,0,4,-4,-4.0,16.0,1,0,0,2,3,2,2,0.0,0.0,0,Congo Brazzaville,2013
2014,0,4,-4,-4.0,17.0,2,0,0,2,3,2,2,0.0,0.0,0,Congo Brazzaville,2014
2015,0,4,-4,-4.0,18.0,1,0,0,2,3,2,2,0.0,0.0,0,Congo Brazzaville,2015
2016,0,4,-4,-4.0,19.0,1,0,0,2,3,2,2,0.0,0.0,0,Congo Brazzaville,2016
2017,0,4,-4,-4.0,20.0,1,0,0,2,3,2,2,0.0,0.0,0,Congo Brazzaville,2017
2018,0,4,-4,-4.0,21.0,1,0,0,2,3,2,2,0.0,0.0,0,Congo Brazzaville,2018
2010,10,0,10,10.0,61.0,3,3,4,7,5,5,7,0.0,0.0,0,Costa Rica,2010
2011,10,0,10,10.0,62.0,3,3,4,7,5,5,7,0.0,0.0,0,Costa Rica,2011
2012,10,0,10,10.0,63.0,3,3,4,7,5,5,7,0.0,0.0,0,Costa Rica,2012
2013,10,0,10,10.0,64.0,3,3,4,7,5,5,7,0.0,0.0,0,Costa Rica,2013
2014,10,0,10,10.0,65.0,3,3,4,7,5,5,7,0.0,0.0,0,Costa Rica,2014
2015,10,0,10,10.0,66.0,3,3,4,7,5,5,7,0.0,0.0,0,Costa Rica,2015
2016,10,0,10,10.0,67.0,3,3,4,7,5,5,7,0.0,0.0,0,Costa Rica,2016
2017,10,0,10,10.0,68.0,3,3,4,7,5,5,7,0.0,0.0,0,Costa Rica,2017
2018,10,0,10,10.0,69.0,3,3,4,7,5,5,7,0.0,0.0,0,Costa Rica,2018
2010,9,0,9,9.0,10.0,3,3,4,7,2,4,7,0.0,0.0,0,Croatia,2010
2011,9,0,9,9.0,11.0,3,3,4,7,2,4,7,0.0,0.0,0,Croatia,2011
2012,9,0,9,9.0,12.0,3,3,4,7,2,4,7,0.0,0.0,0,Croatia,2012
2013,9,0,9,9.0,13.0,3,3,4,7,2,4,7,0.0,0.0,0,Croatia,2013
2014,9,0,9,9.0,14.0,3,3,4,7,2,4,7,0.0,0.0,0,Croatia,2014
2015,9,0,9,9.0,15.0,3,3,4,7,2,4,7,0.0,0.0,0,Croatia,2015
2016,9,0,9,9.0,16.0,3,3,4,7,2,4,7,0.0,0.0,0,Croatia,2016
2017,9,0,9,9.0,17.0,3,3,4,7,2,4,7,0.0,0.0,0,Croatia,2017
2018,9,0,9,9.0,18.0,3,3,4,7,2,4,7,0.0,0.0,0,Croatia,2018
2010,0,7,-7,-7.0,49.0,2,1,4,3,4,1,3,0.0,0.0,0,Cuba,2010
2011,0,7,-7,-7.0,50.0,2,1,4,3,4,1,3,0.0,0.0,0,Cuba,2011
2012,0,7,-7,-7.0,51.0,2,1,4,3,4,1,3,0.0,0.0,0,Cuba,2012
2013,0,7,-7,-7.0,52.0,2,1,4,3,4,1,3,0.0,0.0,0,Cuba,2013
2014,0,7,-7,-7.0,53.0,2,1,4,3,4,1,3,0.0,0.0,0,Cuba,2014
2015,0,7,-7,-7.0,54.0,2,1,4,3,4,1,3,0.0,0.0,0,Cuba,2015
2016,0,7,-7,-7.0,55.0,2,1,4,3,4,1,3,0.0,0.0,0,Cuba,2016
2017,0,7,-7,-7.0,56.0,2,1,4,3,4,1,3,0.0,0.0,0,Cuba,2017
2018,1,6,-5,-5.0,57.0,2,1,4,4,4,1,4,1.0,0.0,0,Cuba,2018
2010,10,0,10,10.0,42.0,3,3,4,7,5,5,7,0.0,0.0,0,Cyprus,2010
2011,10,0,10,10.0,43.0,3,3,4,7,5,5,7,0.0,0.0,0,Cyprus,2011
2012,10,0,10,10.0,44.0,3,3,4,7,5,5,7,0.0,0.0,0,Cyprus,2012
2013,10,0,10,10.0,45.0,3,3,4,7,5,5,7,0.0,0.0,0,Cyprus,2013
2014,10,0,10,10.0,46.0,3,3,4,7,5,5,7,0.0,0.0,0,Cyprus,2014
2015,10,0,10,10.0,47.0,3,3,4,7,5,5,7,0.0,0.0,0,Cyprus,2015
2016,10,0,10,10.0,48.0,3,3,4,7,5,5,7,0.0,0.0,0,Cyprus,2016
2017,10,0,10,10.0,49.0,3,3,4,7,5,5,7,0.0,0.0,0,Cyprus,2017
2018,10,0,10,10.0,50.0,3,3,4,7,5,5,7,0.0,0.0,0,Cyprus,2018
2010,9,0,9,9.0,17.0,3,3,4,7,2,4,7,0.0,0.0,0,Czech Republic,2010
2011,9,0,9,9.0,18.0,3,3,4,7,2,4,7,0.0,0.0,0,Czech Republic,2011
2012,9,0,9,9.0,19.0,3,3,4,7,2,4,7,0.0,0.0,0,Czech Republic,2012
2013,9,0,9,9.0,20.0,3,3,4,7,2,4,7,0.0,0.0,0,Czech Republic,2013
2014,9,0,9,9.0,21.0,3,3,4,7,2,4,7,0.0,0.0,0,Czech Republic,2014
2015,9,0,9,9.0,22.0,3,3,4,7,2,4,7,0.0,0.0,0,Czech Republic,2015
2016,9,0,9,9.0,23.0,3,3,4,7,2,4,7,0.0,0.0,0,Czech Republic,2016
2017,9,0,9,9.0,24.0,3,3,4,7,2,4,7,0.0,0.0,0,Czech Republic,2017
2018,9,0,9,9.0,25.0,3,3,4,7,2,4,7,0.0,0.0,0,Czech Republic,2018
2010,10,0,10,10.0,139.0,3,3,4,7,5,5,7,0.0,0.0,0,Denmark,2010
2011,10,0,10,10.0,140.0,3,3,4,7,5,5,7,0.0,0.0,0,Denmark,2011
2012,10,0,10,10.0,141.0,3,3,4,7,5,5,7,0.0,0.0,0,Denmark,2012
2013,10,0,10,10.0,142.0,3,3,4,7,5,5,7,0.0,0.0,0,Denmark,2013
2014,10,0,10,10.0,143.0,3,3,4,7,5,5,7,0.0,0.0,0,Denmark,2014
2015,10,0,10,10.0,144.0,3,3,4,7,5,5,7,0.0,0.0,0,Denmark,2015
2016,10,0,10,10.0,145.0,3,3,4,7,5,5,7,0.0,0.0,0,Denmark,2016
2017,10,0,10,10.0,146.0,3,3,4,7,5,5,7,0.0,0.0,0,Denmark,2017
2018,10,0,10,10.0,147.0,3,3,4,7,5,5,7,0.0,0.0,0,Denmark,2018
2010,3,1,2,2.0,11.0,2,2,4,3,2,3,3,0.0,0.0,0,Djibouti,2010
2011,3,1,2,2.0,12.0,2,2,4,3,2,3,3,0.0,0.0,0,Djibouti,2011
2012,3,1,2,2.0,13.0,2,2,4,3,2,3,3,0.0,0.0,0,Djibouti,2012
2013,3,0,3,3.0,14.0,2,2,4,4,2,0,4,1.0,0.0,0,Djibouti,2013
2014,3,0,3,3.0,15.0,2,2,4,4,2,0,4,0.0,0.0,1,Djibouti,2014
2015,3,0,3,3.0,16.0,2,2,4,4,2,0,4,0.0,0.0,1,Djibouti,2015
2016,3,0,3,3.0,17.0,2,2,4,4,2,0,4,0.0,0.0,1,Djibouti,2016
2017,3,0,3,3.0,18.0,2,2,4,4,2,0,4,0.0,0.0,1,Djibouti,2017
2018,3,0,3,3.0,19.0,2,2,4,4,2,0,4,0.0,0.0,1,Djibouti,2018
2010,8,0,8,8.0,14.0,3,3,4,6,2,4,6,0.0,0.0,0,Dominican Republic,2010
2011,8,0,8,8.0,15.0,3,3,4,6,2,4,6,0.0,0.0,0,Dominican Republic,2011
2012,8,0,8,8.0,16.0,3,3,4,6,2,4,6,0.0,0.0,0,Dominican Republic,2012
2013,8,0,8,8.0,17.0,3,3,4,6,2,4,6,0.0,0.0,0,Dominican Republic,2013
2014,8,0,8,8.0,18.0,3,3,4,6,2,4,6,0.0,0.0,0,Dominican Republic,2014
2015,8,0,8,8.0,19.0,3,3,4,6,2,4,6,0.0,0.0,0,Dominican Republic,2015
2016,8,1,7,7.0,20.0,3,3,4,6,3,4,6,1.0,0.0,0,Dominican Republic,2016
2017,8,1,7,7.0,21.0,3,3,4,6,3,4,6,0.0,0.0,0,Dominican Republic,2017
2018,8,1,7,7.0,22.0,3,3,4,6,3,4,6,0.0,0.0,0,Dominican Republic,2018
2010,5,0,5,5.0,10.0,3,3,4,4,2,3,4,0.0,0.0,0,Ecuador,2010
2011,5,0,5,5.0,11.0,3,3,4,4,2,3,4,0.0,0.0,0,Ecuador,2011
2012,5,0,5,5.0,12.0,3,3,4,4,2,3,4,0.0,0.0,0,Ecuador,2012
2013,6,1,5,5.0,13.0,3,3,4,4,3,4,4,1.0,0.0,0,Ecuador,2013
2014,6,1,5,5.0,14.0,3,3,4,4,3,4,4,0.0,0.0,0,Ecuador,2014
2015,6,1,5,5.0,15.0,3,3,4,4,3,4,4,0.0,0.0,0,Ecuador,2015
2016,6,1,5,5.0,16.0,3,3,4,4,3,4,4,0.0,0.0,0,Ecuador,2016
2017,6,1,5,5.0,17.0,3,3,4,4,3,4,4,0.0,0.0,0,Ecuador,2017
2018,6,1,5,5.0,18.0,3,3,4,4,3,4,4,0.0,0.0,0,Ecuador,2018
2010,1,4,-3,-3.0,5.0,2,1,4,3,3,3,3,0.0,0.0,0,Egypt,2010
2011,0,2,-2,-2.0,6.0,2,0,0,2,2,0,2,1.0,0.0,0,Egypt,2011
2012,-88,-88,-88,-3.0,7.0,-88,-88,-88,-88,-88,-88,-88,0.0,0.0,0,Egypt,2012
2013,0,4,-4,-4.0,8.0,2,0,0,3,4,2,3,1.0,0.0,0,Egypt,2013
2014,0,4,-4,-4.0,9.0,2,0,0,3,4,2,3,0.0,0.0,0,Egypt,2014
2015,0,4,-4,-4.0,10.0,2,0,0,3,4,2,3,0.0,0.0,0,Egypt,2015
2016,0,4,-4,-4.0,11.0,2,0,0,3,4,2,3,0.0,0.0,0,Egypt,2016
2017,0,4,-4,-4.0,12.0,2,0,0,3,4,2,3,0.0,0.0,0,Egypt,2017
2018,0,4,-4,-4.0,13.0,2,0,0,3,4,2,3,0.0,0.0,0,Egypt,2018
2010,0,6,-6,-6.0,41.0,1,0,0,1,4,2,1,0.0,0.0,0,Equatorial Guinea,2010
2011,0,6,-6,-6.0,42.0,1,0,0,1,4,2,1,0.0,0.0,0,Equatorial Guinea,2011
2012,0,6,-6,-6.0,43.0,1,0,0,1,4,2,1,0.0,0.0,0,Equatorial Guinea,2012
2013,0,6,-6,-6.0,44.0,1,0,0,1,4,2,1,0.0,0.0,0,Equatorial Guinea,2013
2014,0,6,-6,-6.0,45.0,1,0,0,1,4,2,1,0.0,0.0,0,Equatorial Guinea,2014
2015,0,6,-6,-6.0,46.0,1,0,0,1,4,2,1,0.0,0.0,0,Equatorial Guinea,2015
2016,0,6,-6,-6.0,47.0,1,0,0,1,4,2,1,0.0,0.0,0,Equatorial Guinea,2016
2017,0,6,-6,-6.0,48.0,1,0,0,1,4,2,1,0.0,0.0,0,Equatorial Guinea,2017
2018,0,6,-6,-6.0,49.0,1,0,0,1,4,2,1,0.0,0.0,0,Equatorial Guinea,2018
2010,0,7,-7,-7.0,67.0,2,1,4,2,4,2,2,0.0,0.0,0,Eritrea,2010
2011,0,7,-7,-7.0,68.0,2,1,4,2,4,2,2,0.0,0.0,0,Eritrea,2011
2012,0,7,-7,-7.0,69.0,2,1,4,2,4,2,2,0.0,0.0,0,Eritrea,2012
2013,0,7,-7,-7.0,70.0,2,1,4,2,4,2,2,0.0,0.0,0,Eritrea,2013
2014,0,7,-7,-7.0,71.0,2,1,4,2,4,2,2,0.0,0.0,0,Eritrea,2014
2015,0,7,-7,-7.0,72.0,2,1,4,2,4,2,2,0.0,0.0,0,Eritrea,2015
2016,0,7,-7,-7.0,73.0,2,1,4,2,4,2,2,0.0,0.0,0,Eritrea,2016
2017,0,7,-7,-7.0,74.0,2,1,4,2,4,2,2,0.0,0.0,0,Eritrea,2017
2018,0,7,-7,-7.0,75.0,2,1,4,2,4,2,2,0.0,0.0,0,Eritrea,2018
2010,9,0,9,9.0,19.0,3,3,4,7,2,4,7,0.0,0.0,0,Estonia,2010
2011,9,0,9,9.0,20.0,3,3,4,7,2,4,7,0.0,0.0,0,Estonia,2011
2012,9,0,9,9.0,21.0,3,3,4,7,2,4,7,0.0,0.0,0,Estonia,2012
2013,9,0,9,9.0,22.0,3,3,4,7,2,4,7,0.0,0.0,0,Estonia,2013
2014,9,0,9,9.0,23.0,3,3,4,7,2,4,7,0.0,0.0,0,Estonia,2014
2015,9,0,9,9.0,24.0,3,3,4,7,2,4,7,0.0,0.0,0,Estonia,2015
2016,9,0,9,9.0,25.0,3,3,4,7,2,4,7,0.0,0.0,0,Estonia,2016
2017,9,0,9,9.0,26.0,3,3,4,7,2,4,7,0.0,0.0,0,Estonia,2017
2018,9,0,9,9.0,27.0,3,3,4,7,2,4,7,0.0,0.0,0,Estonia,2018
2010,1,4,-3,-3.0,5.0,2,1,4,3,3,3,3,0.0,0.0,0,Ethiopia,2010
2011,1,4,-3,-3.0,6.0,2,1,4,3,3,3,3,0.0,0.0,0,Ethiopia,2011
2012,1,4,-3,-3.0,7.0,2,1,4,3,3,3,3,0.0,0.0,0,Ethiopia,2012
2013,1,4,-3,-3.0,8.0,2,1,4,3,3,3,3,0.0,0.0,0,Ethiopia,2013
2014,1,4,-3,-3.0,9.0,2,1,4,3,3,3,3,0.0,0.0,0,Ethiopia,2014
2015,1,4,-3,-3.0,10.0,2,1,4,3,3,3,3,0.0,0.0,0,Ethiopia,2015
2016,1,4,-3,-3.0,11.0,2,1,4,3,3,3,3,0.0,0.0,0,Ethiopia,2016
2017,1,4,-3,-3.0,12.0,2,1,4,3,3,3,3,0.0,0.0,0,Ethiopia,2017
2018,3,2,1,1.0,0.0,2,1,4,5,2,3,5,1.0,0.0,1,Ethiopia,2018
2010,7,0,7,7.0,8.0,2,2,4,7,2,3,7,0.0,0.0,0,Timor Leste,2010
2011,7,0,7,7.0,9.0,2,2,4,7,2,3,7,0.0,0.0,0,Timor Leste,2011
2012,9,1,8,8.0,10.0,3,3,4,7,3,4,7,1.0,0.0,0,Timor Leste,2012
2013,9,1,8,8.0,11.0,3,3,4,7,3,4,7,0.0,0.0,0,Timor Leste,2013
2014,9,1,8,8.0,12.0,3,3,4,7,3,4,7,0.0,0.0,0,Timor Leste,2014
2015,9,1,8,8.0,13.0,3,3,4,7,3,4,7,0.0,0.0,0,Timor Leste,2015
2016,9,1,8,8.0,14.0,3,3,4,7,3,4,7,0.0,0.0,0,Timor Leste,2016
2017,9,1,8,8.0,15.0,3,3,4,7,3,4,7,0.0,0.0,0,Timor Leste,2017
2018,9,1,8,8.0,16.0,3,3,4,7,3,4,7,0.0,0.0,0,Timor Leste,2018
2010,10,0,10,10.0,66.0,3,3,4,7,5,5,7,0.0,0.0,0,Finland,2010
2011,10,0,10,10.0,67.0,3,3,4,7,5,5,7,0.0,0.0,0,Finland,2011
2012,10,0,10,10.0,68.0,3,3,4,7,5,5,7,0.0,0.0,0,Finland,2012
2013,10,0,10,10.0,69.0,3,3,4,7,5,5,7,0.0,0.0,0,Finland,2013
2014,10,0,10,10.0,70.0,3,3,4,7,5,5,7,0.0,0.0,0,Finland,2014
2015,10,0,10,10.0,71.0,3,3,4,7,5,5,7,0.0,0.0,0,Finland,2015
2016,10,0,10,10.0,72.0,3,3,4,7,5,5,7,0.0,0.0,0,Finland,2016
2017,10,0,10,10.0,73.0,3,3,4,7,5,5,7,0.0,0.0,0,Finland,2017
2018,10,0,10,10.0,74.0,3,3,4,7,5,5,7,0.0,0.0,0,Finland,2018
2010,0,4,-4,-4.0,4.0,1,0,0,2,3,2,2,0.0,0.0,0,Fiji,2010
2011,0,4,-4,-4.0,5.0,1,0,0,2,3,2,2,0.0,0.0,0,Fiji,2011
2012,0,4,-4,-4.0,6.0,1,0,0,2,3,2,2,0.0,0.0,0,Fiji,2012
2013,0,4,-4,-4.0,7.0,1,0,0,2,3,2,2,0.0,0.0,0,Fiji,2013
2014,3,1,2,2.0,0.0,2,0,0,4,3,4,4,1.0,0.0,1,Fiji,2014
2015,3,1,2,2.0,1.0,2,0,0,4,3,4,4,0.0,0.0,0,Fiji,2015
2016,3,1,2,2.0,2.0,2,0,0,4,3,4,4,0.0,0.0,0,Fiji,2016
2017,3,1,2,2.0,3.0,2,0,0,4,3,4,4,0.0,0.0,0,Fiji,2017
2018,4,0,4,2.0,4.0,2,0,0,5,2,4,5,1.0,0.0,0,Fiji,2018
2010,10,0,10,10.0,45.0,3,3,4,7,5,5,7,0.0,0.0,0,France,2010
2011,10,0,10,10.0,46.0,3,3,4,7,5,5,7,0.0,0.0,0,France,2011
2012,10,0,10,10.0,47.0,3,3,4,7,5,5,7,0.0,0.0,0,France,2012
2013,10,0,10,10.0,48.0,3,3,4,7,5,5,7,0.0,0.0,0,France,2013
2014,10,0,10,10.0,49.0,3,3,4,7,5,5,7,0.0,0.0,0,France,2014
2015,10,0,10,10.0,50.0,3,3,4,7,5,5,7,0.0,0.0,0,France,2015
2016,10,0,10,10.0,51.0,3,3,4,7,5,5,7,0.0,0.0,0,France,2016
2017,10,0,10,10.0,52.0,3,3,4,7,5,5,7,0.0,0.0,0,France,2017
2018,10,0,10,10.0,53.0,3,3,4,7,5,5,7,0.0,0.0,0,France,2018
2010,4,1,3,3.0,1.0,2,2,4,4,3,3,4,0.0,0.0,0,Gabon,2010
2011,4,1,3,3.0,2.0,2,2,4,4,3,3,4,0.0,0.0,0,Gabon,2011
2012,4,1,3,3.0,3.0,2,2,4,4,3,3,4,0.0,0.0,0,Gabon,2012
2013,4,1,3,3.0,4.0,2,2,4,4,3,3,4,0.0,0.0,0,Gabon,2013
2014,4,1,3,3.0,5.0,2,2,4,4,3,3,4,0.0,0.0,0,Gabon,2014
2015,4,1,3,3.0,6.0,2,2,4,4,3,3,4,0.0,0.0,0,Gabon,2015
2016,4,1,3,3.0,7.0,2,2,4,4,3,3,4,0.0,0.0,0,Gabon,2016
2017,4,1,3,3.0,8.0,2,2,4,4,3,3,4,0.0,0.0,0,Gabon,2017
2018,4,1,3,3.0,9.0,2,2,4,4,3,3,4,0.0,0.0,0,Gabon,2018
2010,0,5,-5,-5.0,16.0,2,0,0,2,4,2,2,0.0,0.0,0,Gambia,2010
2011,0,5,-5,-5.0,17.0,2,0,0,2,4,2,2,0.0,0.0,0,Gambia,2011
2012,0,5,-5,-5.0,18.0,2,0,0,2,4,2,2,0.0,0.0,0,Gambia,2012
2013,0,5,-5,-5.0,19.0,2,0,0,2,4,2,2,0.0,0.0,0,Gambia,2013
2014,0,5,-5,-5.0,20.0,2,0,0,2,4,2,2,0.0,0.0,0,Gambia,2014
2015,0,5,-5,-5.0,21.0,2,0,0,2,4,2,2,0.0,0.0,0,Gambia,2015
2016,0,5,-5,-5.0,22.0,2,0,0,2,4,2,2,0.0,0.0,0,Gambia,2016
2017,4,0,4,4.0,0.0,2,2,4,5,2,0,5,1.0,0.0,1,Gambia,2017
2018,4,0,4,4.0,1.0,2,2,4,5,2,0,5,0.0,0.0,0,Gambia,2018
2010,8,0,8,8.0,9.0,3,3,4,6,2,4,6,0.0,0.0,0,Ghana,2010
2011,8,0,8,8.0,10.0,3,3,4,6,2,4,6,0.0,0.0,0,Ghana,2011
2012,8,0,8,8.0,11.0,3,3,4,6,2,4,6,0.0,0.0,0,Ghana,2012
2013,8,0,8,8.0,12.0,3,3,4,6,2,4,6,0.0,0.0,0,Ghana,2013
2014,8,0,8,8.0,13.0,3,3,4,6,2,4,6,0.0,0.0,0,Ghana,2014
2015,8,0,8,8.0,14.0,3,3,4,6,2,4,6,0.0,0.0,0,Ghana,2015
2016,8,0,8,8.0,15.0,3,3,4,6,2,4,6,0.0,0.0,0,Ghana,2016
2017,8,0,8,8.0,16.0,3,3,4,6,2,4,6,0.0,0.0,0,Ghana,2017
2018,8,0,8,8.0,17.0,3,3,4,6,2,4,6,0.0,0.0,0,Ghana,2018
2010,10,0,10,10.0,20.0,3,3,4,7,5,5,7,0.0,0.0,0,Germany,2010
2011,10,0,10,10.0,21.0,3,3,4,7,5,5,7,0.0,0.0,0,Germany,2011
2012,10,0,10,10.0,22.0,3,3,4,7,5,5,7,0.0,0.0,0,Germany,2012
2013,10,0,10,10.0,23.0,3,3,4,7,5,5,7,0.0,0.0,0,Germany,2013
2014,10,0,10,10.0,24.0,3,3,4,7,5,5,7,0.0,0.0,0,Germany,2014
2015,10,0,10,10.0,25.0,3,3,4,7,5,5,7,0.0,0.0,0,Germany,2015
2016,10,0,10,10.0,26.0,3,3,4,7,5,5,7,0.0,0.0,0,Germany,2016
2017,10,0,10,10.0,27.0,3,3,4,7,5,5,7,0.0,0.0,0,Germany,2017
2018,10,0,10,10.0,28.0,3,3,4,7,5,5,7,0.0,0.0,0,Germany,2018
2010,7,1,6,6.0,5.0,2,2,4,6,3,4,6,0.0,0.0,0,Guinea-Bissau,2010
2011,7,1,6,6.0,6.0,2,2,4,6,3,4,6,0.0,0.0,0,Guinea-Bissau,2011
2012,2,1,1,1.0,0.0,2,0,0,4,3,3,4,1.0,0.0,1,Guinea-Bissau,2012
2013,2,1,1,1.0,1.0,2,0,0,4,3,3,4,0.0,0.0,0,Guinea-Bissau,2013
2014,7,1,6,6.0,0.0,2,2,4,6,3,4,6,1.0,0.0,1,Guinea-Bissau,2014
2015,7,1,6,6.0,1.0,2,2,4,6,3,4,6,0.0,0.0,0,Guinea-Bissau,2015
2016,7,1,6,6.0,2.0,2,2,4,6,3,4,6,0.0,0.0,0,Guinea-Bissau,2016
2017,7,1,6,6.0,3.0,2,2,4,6,3,4,6,0.0,0.0,0,Guinea-Bissau,2017
2018,7,1,6,6.0,4.0,2,2,4,6,3,4,6,0.0,0.0,0,Guinea-Bissau,2018
2010,10,0,10,10.0,35.0,3,3,4,7,5,5,7,0.0,0.0,0,Greece,2010
2011,10,0,10,10.0,36.0,3,3,4,7,5,5,7,0.0,0.0,0,Greece,2011
2012,10,0,10,10.0,37.0,3,3,4,7,5,5,7,0.0,0.0,0,Greece,2012
2013,10,0,10,10.0,38.0,3,3,4,7,5,5,7,0.0,0.0,0,Greece,2013
2014,10,0,10,10.0,39.0,3,3,4,7,5,5,7,0.0,0.0,0,Greece,2014
2015,10,0,10,10.0,40.0,3,3,4,7,5,5,7,0.0,0.0,0,Greece,2015
2016,10,0,10,10.0,41.0,3,3,4,7,5,5,7,0.0,0.0,0,Greece,2016
2017,10,0,10,10.0,42.0,3,3,4,7,5,5,7,0.0,0.0,0,Greece,2017
2018,10,0,10,10.0,43.0,3,3,4,7,5,5,7,0.0,0.0,0,Greece,2018
2010,7,1,6,6.0,6.0,3,3,4,5,3,4,5,0.0,0.0,0,Georgia,2010
2011,7,1,6,6.0,7.0,3,3,4,5,3,4,5,0.0,0.0,0,Georgia,2011
2012,7,1,6,6.0,8.0,3,3,4,5,3,4,5,0.0,0.0,0,Georgia,2012
2013,8,1,7,7.0,9.0,3,3,4,6,3,4,6,1.0,0.0,0,Georgia,2013
2014,8,1,7,7.0,10.0,3,3,4,6,3,4,6,0.0,0.0,0,Georgia,2014
2015,8,1,7,7.0,11.0,3,3,4,6,3,4,6,0.0,0.0,0,Georgia,2015
2016,8,1,7,7.0,12.0,3,3,4,6,3,4,6,0.0,0.0,0,Georgia,2016
2017,8,1,7,7.0,13.0,3,3,4,6,3,4,6,0.0,0.0,0,Georgia,2017
2018,8,1,7,7.0,14.0,3,3,4,6,3,4,6,0.0,0.0,0,Georgia,2018
2010,8,0,8,8.0,14.0,3,3,4,6,2,4,6,0.0,0.0,0,Guatemala,2010
2011,8,0,8,8.0,15.0,3,3,4,6,2,4,6,0.0,0.0,0,Guatemala,2011
2012,8,0,8,8.0,16.0,3,3,4,6,2,4,6,0.0,0.0,0,Guatemala,2012
2013,8,0,8,8.0,17.0,3,3,4,6,2,4,6,0.0,0.0,0,Guatemala,2013
2014,8,0,8,8.0,18.0,3,3,4,6,2,4,6,0.0,0.0,0,Guatemala,2014
2015,9,1,8,8.0,19.0,3,3,4,7,3,4,7,1.0,0.0,0,Guatemala,2015
2016,9,1,8,8.0,20.0,3,3,4,7,3,4,7,0.0,0.0,0,Guatemala,2016
2017,9,1,8,8.0,21.0,3,3,4,7,3,4,7,0.0,0.0,0,Guatemala,2017
2018,9,1,8,8.0,22.0,3,3,4,7,3,4,7,0.0,0.0,0,Guatemala,2018
2010,3,2,1,1.0,15.0,2,2,4,3,3,3,3,1.0,0.0,1,Guinea,2010
2011,3,2,1,1.0,16.0,2,2,4,3,3,3,3,0.0,0.0,0,Guinea,2011
2012,3,2,1,1.0,17.0,2,2,4,3,3,3,3,0.0,0.0,0,Guinea,2012
2013,4,0,4,4.0,0.0,2,2,4,4,2,3,4,1.0,0.0,1,Guinea,2013
2014,4,0,4,4.0,1.0,2,2,4,4,2,3,4,0.0,0.0,1,Guinea,2014
2015,4,0,4,4.0,2.0,2,2,4,4,2,3,4,0.0,0.0,1,Guinea,2015
2016,4,0,4,4.0,3.0,2,2,4,4,2,3,4,0.0,0.0,0,Guinea,2016
2017,4,0,4,4.0,4.0,2,2,4,4,2,3,4,0.0,0.0,0,Guinea,2017
2018,4,0,4,4.0,5.0,2,2,4,4,2,3,4,0.0,0.0,0,Guinea,2018
2010,6,0,6,6.0,18.0,3,3,4,5,2,3,5,0.0,0.0,0,Guyana,2010
2011,6,0,6,6.0,19.0,3,3,4,5,2,3,5,0.0,0.0,0,Guyana,2011
2012,6,0,6,6.0,20.0,3,3,4,5,2,3,5,0.0,0.0,0,Guyana,2012
2013,6,0,6,6.0,21.0,3,3,4,5,2,3,5,0.0,0.0,0,Guyana,2013
2014,6,0,6,6.0,22.0,3,3,4,5,2,3,5,0.0,0.0,0,Guyana,2014
2015,8,1,7,7.0,23.0,3,3,4,6,3,4,6,1.0,0.0,0,Guyana,2015
2016,8,1,7,7.0,24.0,3,3,4,6,3,4,6,0.0,0.0,0,Guyana,2016
2017,8,1,7,7.0,25.0,3,3,4,6,3,4,6,0.0,0.0,0,Guyana,2017
2018,8,1,7,7.0,26.0,3,3,4,6,3,4,6,0.0,0.0,0,Guyana,2018
2010,-77,-77,-77,0.0,0.0,-77,-77,-77,-77,-77,-77,-77,0.0,1.0,1,Haiti,2010
2011,-77,-77,-77,0.0,1.0,-77,-77,-77,-77,-77,-77,-77,0.0,1.0,1,Haiti,2011
2012,-77,-77,-77,0.0,2.0,-77,-77,-77,-77,-77,-77,-77,0.0,1.0,1,Haiti,2012
2013,-77,-77,-77,0.0,3.0,-77,-77,-77,-77,-77,-77,-77,0.0,1.0,1,Haiti,2013
2014,-77,-77,-77,0.0,4.0,-77,-77,-77,-77,-77,-77,-77,0.0,1.0,1,Haiti,2014
2015,-77,-77,-77,0.0,5.0,-77,-77,-77,-77,-77,-77,-77,0.0,1.0,1,Haiti,2015
2016,-88,-88,-88,5.0,0.0,-88,-88,-88,-88,-88,-88,-88,0.0,1.0,1,Haiti,2016
2017,6,1,5,5.0,1.0,2,2,4,5,3,4,5,1.0,0.0,1,Haiti,2017
2018,6,1,5,5.0,2.0,2,2,4,5,3,4,5,0.0,0.0,0,Haiti,2018
2010,7,0,7,7.0,29.0,3,3,4,5,2,4,5,0.0,0.0,0,Honduras,2010
2011,7,0,7,7.0,30.0,3,3,4,5,2,4,5,0.0,0.0,0,Honduras,2011
2012,7,0,7,7.0,31.0,3,3,4,5,2,4,5,0.0,0.0,0,Honduras,2012
2013,7,0,7,7.0,32.0,3,3,4,5,2,4,5,0.0,0.0,0,Honduras,2013
2014,7,0,7,7.0,33.0,3,3,4,5,2,4,5,0.0,0.0,0,Honduras,2014
2015,7,0,7,7.0,34.0,3,3,4,5,2,4,5,0.0,0.0,0,Honduras,2015
2016,7,0,7,7.0,35.0,3,3,4,5,2,4,5,0.0,0.0,0,Honduras,2016
2017,7,0,7,7.0,36.0,3,3,4,5,2,4,5,0.0,0.0,0,Honduras,2017
2018,7,0,7,7.0,37.0,3,3,4,5,2,4,5,0.0,0.0,0,Honduras,2018
2010,10,0,10,10.0,20.0,3,3,4,7,5,5,7,0.0,0.0,0,Hungary,2010
2011,10,0,10,10.0,21.0,3,3,4,7,5,5,7,0.0,0.0,0,Hungary,2011
2012,10,0,10,10.0,22.0,3,3,4,7,5,5,7,0.0,0.0,0,Hungary,2012
2013,10,0,10,10.0,23.0,3,3,4,7,5,5,7,0.0,0.0,0,Hungary,2013
2014,10,0,10,10.0,24.0,3,3,4,7,5,5,7,0.0,0.0,0,Hungary,2014
2015,10,0,10,10.0,25.0,3,3,4,7,5,5,7,0.0,0.0,0,Hungary,2015
2016,10,0,10,10.0,26.0,3,3,4,7,5,5,7,0.0,0.0,0,Hungary,2016
2017,10,0,10,10.0,27.0,3,3,4,7,5,5,7,0.0,0.0,0,Hungary,2017
2018,10,0,10,10.0,28.0,3,3,4,7,5,5,7,0.0,0.0,0,Hungary,2018
2010,9,0,9,9.0,43.0,3,3,4,7,2,4,7,0.0,0.0,0,India,2010
2011,9,0,9,9.0,44.0,3,3,4,7,2,4,7,0.0,0.0,0,India,2011
2012,9,0,9,9.0,45.0,3,3,4,7,2,4,7,0.0,0.0,0,India,2012
2013,9,0,9,9.0,46.0,3,3,4,7,2,4,7,0.0,0.0,0,India,2013
2014,9,0,9,9.0,47.0,3,3,4,7,2,4,7,0.0,0.0,0,India,2014
2015,9,0,9,9.0,48.0,3,3,4,7,2,4,7,0.0,0.0,0,India,2015
2016,9,0,9,9.0,49.0,3,3,4,7,2,4,7,0.0,0.0,0,India,2016
2017,9,0,9,9.0,50.0,3,3,4,7,2,4,7,0.0,0.0,0,India,2017
2018,9,0,9,9.0,51.0,3,3,4,7,2,4,7,0.0,0.0,0,India,2018
2010,8,0,8,8.0,11.0,3,3,4,6,2,4,6,0.0,0.0,0,Indonesia,2010
2011,8,0,8,8.0,12.0,3,3,4,6,2,4,6,0.0,0.0,0,Indonesia,2011
2012,8,0,8,8.0,13.0,3,3,4,6,2,4,6,0.0,0.0,0,Indonesia,2012
2013,8,0,8,8.0,14.0,3,3,4,6,2,4,6,0.0,0.0,0,Indonesia,2013
2014,9,0,9,9.0,15.0,3,3,4,7,2,4,7,1.0,0.0,0,Indonesia,2014
2015,9,0,9,9.0,16.0,3,3,4,7,2,4,7,0.0,0.0,0,Indonesia,2015
2016,9,0,9,9.0,17.0,3,3,4,7,2,4,7,0.0,0.0,0,Indonesia,2016
2017,9,0,9,9.0,18.0,3,3,4,7,2,4,7,0.0,0.0,0,Indonesia,2017
2018,9,0,9,9.0,19.0,3,3,4,7,2,4,7,0.0,0.0,0,Indonesia,2018
2010,10,0,10,10.0,109.0,3,3,4,7,5,5,7,0.0,0.0,0,Ireland,2010
2011,10,0,10,10.0,110.0,3,3,4,7,5,5,7,0.0,0.0,0,Ireland,2011
2012,10,0,10,10.0,111.0,3,3,4,7,5,5,7,0.0,0.0,0,Ireland,2012
2013,10,0,10,10.0,112.0,3,3,4,7,5,5,7,0.0,0.0,0,Ireland,2013
2014,10,0,10,10.0,113.0,3,3,4,7,5,5,7,0.0,0.0,0,Ireland,2014
2015,10,0,10,10.0,114.0,3,3,4,7,5,5,7,0.0,0.0,0,Ireland,2015
2016,10,0,10,10.0,115.0,3,3,4,7,5,5,7,0.0,0.0,0,Ireland,2016
2017,10,0,10,10.0,116.0,3,3,4,7,5,5,7,0.0,0.0,0,Ireland,2017
2018,10,0,10,10.0,117.0,3,3,4,7,5,5,7,0.0,0.0,0,Ireland,2018
2010,0,7,-7,-7.0,6.0,2,1,4,2,4,2,2,0.0,0.0,0,Iran,2010
2011,0,7,-7,-7.0,7.0,2,1,4,2,4,2,2,0.0,0.0,0,Iran,2011
2012,0,7,-7,-7.0,8.0,2,1,4,2,4,2,2,0.0,0.0,0,Iran,2012
2013,0,7,-7,-7.0,9.0,2,1,4,2,4,2,2,0.0,0.0,0,Iran,2013
2014,0,7,-7,-7.0,10.0,2,1,4,2,4,2,2,0.0,0.0,0,Iran,2014
2015,0,7,-7,-7.0,11.0,2,1,4,2,4,2,2,0.0,0.0,0,Iran,2015
2016,0,7,-7,-7.0,12.0,2,1,4,2,4,2,2,0.0,0.0,0,Iran,2016
2017,0,7,-7,-7.0,13.0,2,1,4,2,4,2,2,0.0,0.0,0,Iran,2017
2018,0,7,-7,-7.0,14.0,2,1,4,2,4,2,2,0.0,0.0,0,Iran,2018
2010,4,1,3,3.0,0.0,2,2,4,4,3,3,4,1.0,0.0,1,Iraq,2010
2011,4,1,3,3.0,1.0,2,2,4,4,3,3,4,0.0,0.0,0,Iraq,2011
2012,4,1,3,3.0,2.0,2,2,4,4,3,3,4,0.0,0.0,0,Iraq,2012
2013,4,1,3,3.0,3.0,2,2,4,4,3,3,4,0.0,0.0,0,Iraq,2013
2014,6,0,6,6.0,0.0,2,2,4,6,2,3,6,1.0,0.0,1,Iraq,2014
2015,6,0,6,6.0,1.0,2,2,4,6,2,3,6,0.0,0.0,0,Iraq,2015
2016,6,0,6,6.0,2.0,2,2,4,6,2,3,6,0.0,0.0,0,Iraq,2016
2017,6,0,6,6.0,3.0,2,2,4,6,2,3,6,0.0,0.0,0,Iraq,2017
2018,6,0,6,6.0,4.0,2,2,4,6,2,3,6,0.0,0.0,0,Iraq,2018
2010,7,1,6,6.0,29.0,2,2,4,7,3,3,7,0.0,0.0,0,Israel,2010
2011,7,1,6,6.0,30.0,2,2,4,7,3,3,7,0.0,0.0,0,Israel,2011
2012,7,1,6,6.0,31.0,2,2,4,7,3,3,7,0.0,0.0,0,Israel,2012
2013,7,1,6,6.0,32.0,2,2,4,7,3,3,7,0.0,0.0,0,Israel,2013
2014,7,1,6,6.0,33.0,2,2,4,7,3,3,7,0.0,0.0,0,Israel,2014
2015,7,1,6,6.0,34.0,2,2,4,7,3,3,7,0.0,0.0,0,Israel,2015
2016,7,1,6,6.0,35.0,2,2,4,7,3,3,7,0.0,0.0,0,Israel,2016
2017,7,1,6,6.0,36.0,2,2,4,7,3,3,7,0.0,0.0,0,Israel,2017
2018,7,1,6,6.0,37.0,2,2,4,7,3,3,7,0.0,0.0,0,Israel,2018
2010,10,0,10,10.0,63.0,3,3,4,7,5,5,7,0.0,0.0,0,Italy,2010
2011,10,0,10,10.0,64.0,3,3,4,7,5,5,7,0.0,0.0,0,Italy,2011
2012,10,0,10,10.0,65.0,3,3,4,7,5,5,7,0.0,0.0,0,Italy,2012
2013,10,0,10,10.0,66.0,3,3,4,7,5,5,7,0.0,0.0,0,Italy,2013
2014,10,0,10,10.0,67.0,3,3,4,7,5,5,7,0.0,0.0,0,Italy,2014
2015,10,0,10,10.0,68.0,3,3,4,7,5,5,7,0.0,0.0,0,Italy,2015
2016,10,0,10,10.0,69.0,3,3,4,7,5,5,7,0.0,0.0,0,Italy,2016
2017,10,0,10,10.0,70.0,3,3,4,7,5,5,7,0.0,0.0,0,Italy,2017
2018,10,0,10,10.0,71.0,3,3,4,7,5,5,7,0.0,0.0,0,Italy,2018
2010,-77,-77,-77,0.0,8.0,-77,-77,-77,-77,-77,-77,-77,0.0,1.0,1,Cote D'Ivoire,2010
2011,5,1,4,4.0,0.0,2,2,4,5,3,3,5,1.0,1.0,0,Cote D'Ivoire,2011
2012,5,1,4,4.0,1.0,2,2,4,5,3,3,5,0.0,0.0,0,Cote D'Ivoire,2012
2013,5,1,4,4.0,2.0,2,2,4,5,3,3,5,0.0,0.0,0,Cote D'Ivoire,2013
2014,5,1,4,4.0,3.0,2,2,4,5,3,3,5,0.0,0.0,0,Ivory Coast,2014
2015,5,1,4,4.0,4.0,2,2,4,5,3,3,5,0.0,0.0,0,Ivory Coast,2015
2016,5,1,4,4.0,5.0,2,2,4,5,3,3,5,0.0,0.0,0,Cote D'Ivoire,2016
2017,5,1,4,4.0,6.0,2,2,4,5,3,3,5,0.0,0.0,0,Cote D'Ivoire,2017
2018,5,1,4,4.0,7.0,2,2,4,5,3,3,5,0.0,0.0,0,Cote D'Ivoire,2018
2010,9,0,9,9.0,51.0,3,3,4,7,2,4,7,0.0,0.0,0,Jamaica,2010
2011,9,0,9,9.0,52.0,3,3,4,7,2,4,7,0.0,0.0,0,Jamaica,2011
2012,9,0,9,9.0,53.0,3,3,4,7,2,4,7,0.0,0.0,0,Jamaica,2012
2013,9,0,9,9.0,54.0,3,3,4,7,2,4,7,0.0,0.0,0,Jamaica,2013
2014,9,0,9,9.0,55.0,3,3,4,7,2,4,7,0.0,0.0,0,Jamaica,2014
2015,9,0,9,9.0,56.0,3,3,4,7,2,4,7,0.0,0.0,0,Jamaica,2015
2016,9,0,9,9.0,57.0,3,3,4,7,2,4,7,0.0,0.0,0,Jamaica,2016
2017,9,0,9,9.0,58.0,3,3,4,7,2,4,7,0.0,0.0,0,Jamaica,2017
2018,9,0,9,9.0,59.0,3,3,4,7,2,4,7,0.0,0.0,0,Jamaica,2018
2010,2,5,-3,-3.0,21.0,3,1,2,3,3,4,3,0.0,0.0,0,Jordan,2010
2011,2,5,-3,-3.0,22.0,3,1,2,3,3,4,3,0.0,0.0,0,Jordan,2011
2012,2,5,-3,-3.0,23.0,3,1,2,3,3,4,3,0.0,0.0,0,Jordan,2012
2013,2,5,-3,-3.0,24.0,3,1,2,3,3,4,3,0.0,0.0,0,Jordan,2013
2014,2,5,-3,-3.0,25.0,3,1,2,3,3,4,3,0.0,0.0,0,Jordan,2014
2015,2,5,-3,-3.0,26.0,3,1,2,3,3,4,3,0.0,0.0,0,Jordan,2015
2016,2,5,-3,-3.0,27.0,3,1,2,3,3,4,3,0.0,0.0,0,Jordan,2016
2017,2,5,-3,-3.0,28.0,3,1,2,3,3,4,3,0.0,0.0,0,Jordan,2017
2018,2,5,-3,-3.0,29.0,3,1,2,3,3,4,3,0.0,0.0,0,Jordan,2018
2010,10,0,10,10.0,58.0,3,3,4,7,5,5,7,0.0,0.0,0,Japan,2010
2011,10,0,10,10.0,59.0,3,3,4,7,5,5,7,0.0,0.0,0,Japan,2011
2012,10,0,10,10.0,60.0,3,3,4,7,5,5,7,0.0,0.0,0,Japan,2012
2013,10,0,10,10.0,61.0,3,3,4,7,5,5,7,0.0,0.0,0,Japan,2013
2014,10,0,10,10.0,62.0,3,3,4,7,5,5,7,0.0,0.0,0,Japan,2014
2015,10,0,10,10.0,63.0,3,3,4,7,5,5,7,0.0,0.0,0,Japan,2015
2016,10,0,10,10.0,64.0,3,3,4,7,5,5,7,0.0,0.0,0,Japan,2016
2017,10,0,10,10.0,65.0,3,3,4,7,5,5,7,0.0,0.0,0,Japan,2017
2018,10,0,10,10.0,66.0,3,3,4,7,5,5,7,0.0,0.0,0,Japan,2018
2010,8,0,8,8.0,8.0,2,2,4,7,2,4,7,0.0,0.0,0,Kenya,2010
2011,8,0,8,8.0,9.0,2,2,4,7,2,4,7,0.0,0.0,0,Kenya,2011
2012,8,0,8,8.0,10.0,2,2,4,7,2,4,7,0.0,0.0,0,Kenya,2012
2013,9,0,9,9.0,11.0,3,3,4,7,2,4,7,1.0,0.0,0,Kenya,2013
2014,9,0,9,9.0,12.0,3,3,4,7,2,4,7,0.0,0.0,0,Kenya,2014
2015,9,0,9,9.0,13.0,3,3,4,7,2,4,7,0.0,0.0,0,Kenya,2015
2016,9,0,9,9.0,14.0,3,3,4,7,2,4,7,0.0,0.0,0,Kenya,2016
2017,9,0,9,9.0,15.0,3,3,4,7,2,4,7,0.0,0.0,0,Kenya,2017
2018,9,0,9,9.0,16.0,3,3,4,7,2,4,7,0.0,0.0,0,Kenya,2018
2010,8,0,8,8.0,2.0,2,2,4,7,2,4,7,0.0,0.0,0,Kosovo,2010
2011,8,0,8,8.0,3.0,2,2,4,7,2,4,7,0.0,0.0,0,Kosovo,2011
2012,8,0,8,8.0,4.0,2,2,4,7,2,4,7,0.0,0.0,0,Kosovo,2012
2013,8,0,8,8.0,5.0,2,2,4,7,2,4,7,0.0,0.0,0,Kosovo,2013
2014,8,0,8,8.0,6.0,2,2,4,7,2,4,7,0.0,0.0,0,Kosovo,2014
2015,8,0,8,8.0,7.0,2,2,4,7,2,4,7,0.0,0.0,0,Kosovo,2015
2016,8,0,8,8.0,8.0,2,2,4,7,2,4,7,0.0,0.0,0,Kosovo,2016
2017,8,0,8,8.0,9.0,2,2,4,7,2,4,7,0.0,0.0,0,Kosovo,2017
2018,8,0,8,8.0,10.0,2,2,4,7,2,4,7,0.0,0.0,0,Kosovo,2018
2010,0,7,-7,-7.0,46.0,3,1,2,3,4,2,3,0.0,0.0,0,Kuwait,2010
2011,0,7,-7,-7.0,47.0,3,1,2,3,4,2,3,0.0,0.0,0,Kuwait,2011
2012,0,7,-7,-7.0,48.0,3,1,2,3,4,2,3,0.0,0.0,0,Kuwait,2012
2013,0,7,-7,-7.0,49.0,3,1,2,3,4,2,3,0.0,0.0,0,Kuwait,2013
2014,0,7,-7,-7.0,50.0,3,1,2,3,4,2,3,0.0,0.0,0,Kuwait,2014
2015,0,7,-7,-7.0,51.0,3,1,2,3,4,2,3,0.0,0.0,0,Kuwait,2015
2016,0,7,-7,-7.0,52.0,3,1,2,3,4,2,3,0.0,0.0,0,Kuwait,2016
2017,0,7,-7,-7.0,53.0,3,1,2,3,4,2,3,0.0,0.0,0,Kuwait,2017
2018,0,7,-7,-7.0,54.0,3,1,2,3,4,2,3,0.0,0.0,0,Kuwait,2018
2010,-88,-88,-88,4.0,0.0,-88,-88,-88,-88,-88,-88,-88,0.0,0.0,1,Kyrgyzstan,2010
2011,7,0,7,7.0,0.0,2,2,4,7,2,3,7,1.0,0.0,1,Kyrgyzstan,2011
2012,7,0,7,7.0,1.0,2,2,4,7,2,3,7,0.0,0.0,0,Kyrgyzstan,2012
2013,7,0,7,7.0,2.0,2,2,4,7,2,3,7,0.0,0.0,0,Kyrgyzstan,2013
2014,7,0,7,7.0,3.0,2,2,4,7,2,3,7,0.0,0.0,0,Kyrgyzstan,2014
2015,7,0,7,7.0,4.0,2,2,4,7,2,3,7,0.0,0.0,0,Kyrgyzstan,2015
2016,7,0,7,7.0,5.0,2,2,4,7,2,3,7,0.0,0.0,0,Kyrgyzstan,2016
2017,8,0,8,8.0,6.0,3,3,4,7,2,3,7,1.0,0.0,0,Kyrgyzstan,2017
2018,8,0,8,8.0,7.0,3,3,4,7,2,3,7,0.0,0.0,0,Kyrgyzstan,2018
2010,0,6,-6,-6.0,15.0,2,1,4,2,3,2,2,0.0,0.0,0,Kazakhstan,2010
2011,0,6,-6,-6.0,16.0,2,1,4,2,3,2,2,0.0,0.0,0,Kazakhstan,2011
2012,0,6,-6,-6.0,17.0,2,1,4,2,3,2,2,0.0,0.0,0,Kazakhstan,2012
2013,0,6,-6,-6.0,18.0,2,1,4,2,3,2,2,0.0,0.0,0,Kazakhstan,2013
2014,0,6,-6,-6.0,19.0,2,1,4,2,3,2,2,0.0,0.0,0,Kazakhstan,2014
2015,0,6,-6,-6.0,20.0,2,1,4,2,3,2,2,0.0,0.0,0,Kazakhstan,2015
2016,0,6,-6,-6.0,21.0,2,1,4,2,3,2,2,0.0,0.0,0,Kazakhstan,2016
2017,0,6,-6,-6.0,22.0,2,1,4,2,3,2,2,0.0,0.0,0,Kazakhstan,2017
2018,0,6,-6,-6.0,23.0,2,1,4,2,3,2,2,0.0,0.0,0,Kazakhstan,2018
2010,0,7,-7,-7.0,35.0,2,1,4,3,4,1,3,0.0,0.0,0,Laos,2010
2011,0,7,-7,-7.0,36.0,2,1,4,3,4,1,3,0.0,0.0,0,Laos,2011
2012,0,7,-7,-7.0,37.0,2,1,4,3,4,1,3,0.0,0.0,0,Laos,2012
2013,0,7,-7,-7.0,38.0,2,1,4,3,4,1,3,0.0,0.0,0,Laos,2013
2014,0,7,-7,-7.0,39.0,2,1,4,3,4,1,3,0.0,0.0,0,Laos,2014
2015,0,7,-7,-7.0,40.0,2,1,4,3,4,1,3,0.0,0.0,0,Laos,2015
2016,0,7,-7,-7.0,41.0,2,1,4,3,4,1,3,0.0,0.0,0,Laos,2016
2017,0,7,-7,-7.0,42.0,2,1,4,3,4,1,3,0.0,0.0,0,Laos,2017
2018,0,7,-7,-7.0,43.0,2,1,4,3,4,1,3,0.0,0.0,0,Laos,2018
2010,8,0,8,8.0,19.0,2,2,4,7,2,4,7,0.0,0.0,0,Latvia,2010
2011,8,0,8,8.0,20.0,2,2,4,7,2,4,7,0.0,0.0,0,Latvia,2011
2012,8,0,8,8.0,21.0,2,2,4,7,2,4,7,0.0,0.0,0,Latvia,2012
2013,8,0,8,8.0,22.0,2,2,4,7,2,4,7,0.0,0.0,0,Latvia,2013
2014,8,0,8,8.0,23.0,2,2,4,7,2,4,7,0.0,0.0,0,Latvia,2014
2015,8,0,8,8.0,24.0,2,2,4,7,2,4,7,0.0,0.0,0,Latvia,2015
2016,8,0,8,8.0,25.0,2,2,4,7,2,4,7,0.0,0.0,0,Latvia,2016
2017,8,0,8,8.0,26.0,2,2,4,7,2,4,7,0.0,0.0,0,Latvia,2017
2018,8,0,8,8.0,27.0,2,2,4,7,2,4,7,0.0,0.0,0,Latvia,2018
2010,7,1,6,6.0,20.0,2,2,4,6,3,4,6,0.0,0.0,0,Liberia,2010
2011,7,1,6,6.0,21.0,2,2,4,6,3,4,6,0.0,0.0,0,Liberia,2011
2012,7,1,6,6.0,22.0,2,2,4,6,3,4,6,0.0,0.0,0,Liberia,2012
2013,7,1,6,6.0,23.0,2,2,4,6,3,4,6,0.0,0.0,0,Liberia,2013
2014,7,1,6,6.0,24.0,2,2,4,6,3,4,6,0.0,0.0,0,Liberia,2014
2015,7,1,6,6.0,25.0,2,2,4,6,3,4,6,0.0,0.0,0,Liberia,2015
2016,7,1,6,6.0,26.0,2,2,4,6,3,4,6,0.0,0.0,0,Liberia,2016
2017,7,1,6,6.0,27.0,2,2,4,6,3,4,6,0.0,0.0,0,Liberia,2017
2018,8,1,7,7.0,28.0,3,3,4,6,3,4,6,1.0,0.0,0,Liberia,2018
2010,6,0,6,6.0,5.0,2,2,4,6,2,3,6,0.0,0.0,0,Lebanon,2010
2011,6,0,6,6.0,6.0,2,2,4,6,2,3,6,0.0,0.0,0,Lebanon,2011
2012,6,0,6,6.0,7.0,2,2,4,6,2,3,6,0.0,0.0,0,Lebanon,2012
2013,6,0,6,6.0,8.0,2,2,4,6,2,3,6,0.0,0.0,0,Lebanon,2013
2014,6,0,6,6.0,9.0,2,2,4,6,2,3,6,0.0,0.0,0,Lebanon,2014
2015,6,0,6,6.0,10.0,2,2,4,6,2,3,6,0.0,0.0,0,Lebanon,2015
2016,6,0,6,6.0,11.0,2,2,4,6,2,3,6,0.0,0.0,0,Lebanon,2016
2017,6,0,6,6.0,12.0,2,2,4,6,2,3,6,0.0,0.0,0,Lebanon,2017
2018,6,0,6,6.0,13.0,2,2,4,6,2,3,6,0.0,0.0,0,Lebanon,2018
2010,8,0,8,8.0,17.0,3,3,4,7,2,3,7,0.0,0.0,0,Lesotho,2010
2011,8,0,8,8.0,18.0,3,3,4,7,2,3,7,0.0,0.0,0,Lesotho,2011
2012,9,1,8,8.0,19.0,3,3,4,7,3,4,7,1.0,0.0,0,Lesotho,2012
2013,9,1,8,8.0,20.0,3,3,4,7,3,4,7,0.0,0.0,0,Lesotho,2013
2014,9,1,8,8.0,21.0,3,3,4,7,3,4,7,0.0,0.0,0,Lesotho,2014
2015,9,1,8,8.0,22.0,3,3,4,7,3,4,7,0.0,0.0,0,Lesotho,2015
2016,9,1,8,8.0,23.0,3,3,4,7,3,4,7,0.0,0.0,0,Lesotho,2016
2017,9,1,8,8.0,24.0,3,3,4,7,3,4,7,0.0,0.0,0,Lesotho,2017
2018,9,1,8,8.0,25.0,3,3,4,7,3,4,7,0.0,0.0,0,Lesotho,2018
2010,0,7,-7,-7.0,59.0,1,0,0,1,4,1,1,0.0,0.0,0,Libya,2010
2011,-77,-77,-77,0.0,0.0,-77,-77,-77,-77,-77,-77,-77,0.0,1.0,1,Libya,2011
2012,-77,-77,-77,0.0,1.0,-77,-77,-77,-77,-77,-77,-77,0.0,1.0,1,Libya,2012
2013,-77,-77,-77,0.0,2.0,-77,-77,-77,-77,-77,-77,-77,0.0,1.0,1,Libya,2013
2014,-77,-77,-77,0.0,3.0,-77,-77,-77,-77,-77,-77,-77,0.0,1.0,1,Libya,2014
2015,-77,-77,-77,0.0,4.0,-77,-77,-77,-77,-77,-77,-77,0.0,1.0,1,Libya,2015
2016,-77,-77,-77,0.0,5.0,-77,-77,-77,-77,-77,-77,-77,0.0,1.0,1,Libya,2016
2017,-77,-77,-77,0.0,6.0,-77,-77,-77,-77,-77,-77,-77,0.0,1.0,1,Libya,2017
2018,-77,-77,-77,0.0,7.0,-77,-77,-77,-77,-77,-77,-77,0.0,1.0,1,Libya,2018
2010,10,0,10,10.0,19.0,3,3,4,7,5,5,7,0.0,0.0,0,Lithuania,2010
2011,10,0,10,10.0,20.0,3,3,4,7,5,5,7,0.0,0.0,0,Lithuania,2011
2012,10,0,10,10.0,21.0,3,3,4,7,5,5,7,0.0,0.0,0,Lithuania,2012
2013,10,0,10,10.0,22.0,3,3,4,7,5,5,7,0.0,0.0,0,Lithuania,2013
2014,10,0,10,10.0,23.0,3,3,4,7,5,5,7,0.0,0.0,0,Lithuania,2014
2015,10,0,10,10.0,24.0,3,3,4,7,5,5,7,0.0,0.0,0,Lithuania,2015
2016,10,0,10,10.0,25.0,3,3,4,7,5,5,7,0.0,0.0,0,Lithuania,2016
2017,10,0,10,10.0,26.0,3,3,4,7,5,5,7,0.0,0.0,0,Lithuania,2017
2018,10,0,10,10.0,27.0,3,3,4,7,5,5,7,0.0,0.0,0,Lithuania,2018
2010,10,0,10,10.0,85.0,3,3,4,7,5,5,7,0.0,0.0,0,Luxembourg,2010
2011,10,0,10,10.0,86.0,3,3,4,7,5,5,7,0.0,0.0,0,Luxembourg,2011
2012,10,0,10,10.0,87.0,3,3,4,7,5,5,7,0.0,0.0,0,Luxembourg,2012
2013,10,0,10,10.0,88.0,3,3,4,7,5,5,7,0.0,0.0,0,Luxembourg,2013
2014,10,0,10,10.0,89.0,3,3,4,7,5,5,7,0.0,0.0,0,Luxembourg,2014
2015,10,0,10,10.0,90.0,3,3,4,7,5,5,7,0.0,0.0,0,Luxembourg,2015
2016,10,0,10,10.0,91.0,3,3,4,7,5,5,7,0.0,0.0,0,Luxembourg,2016
2017,10,0,10,10.0,92.0,3,3,4,7,5,5,7,0.0,0.0,0,Luxembourg,2017
2018,10,0,10,10.0,93.0,3,3,4,7,5,5,7,0.0,0.0,0,Luxembourg,2018
2010,0,2,-2,-2.0,1.0,2,0,0,2,2,0,2,0.0,0.0,0,Mauritania,2010
2011,0,2,-2,-2.0,2.0,2,0,0,2,2,0,2,0.0,0.0,0,Mauritania,2011
2012,0,2,-2,-2.0,3.0,2,0,0,2,2,0,2,0.0,0.0,0,Mauritania,2012
2013,0,2,-2,-2.0,4.0,2,0,0,2,2,0,2,0.0,0.0,0,Mauritania,2013
2014,0,2,-2,-2.0,5.0,2,0,0,2,2,0,2,0.0,0.0,0,Mauritania,2014
2015,0,2,-2,-2.0,6.0,2,0,0,2,2,0,2,0.0,0.0,0,Mauritania,2015
2016,0,2,-2,-2.0,7.0,2,0,0,2,2,0,2,0.0,0.0,0,Mauritania,2016
2017,0,2,-2,-2.0,8.0,2,0,0,2,2,0,2,0.0,0.0,0,Mauritania,2017
2018,0,2,-2,-2.0,9.0,2,0,0,2,2,0,2,0.0,0.0,0,Mauritania,2018
2010,9,0,9,9.0,8.0,3,3,4,7,2,4,7,0.0,0.0,0,Macedonia,2010
2011,9,0,9,9.0,9.0,3,3,4,7,2,4,7,0.0,0.0,0,Macedonia,2011
2012,9,0,9,9.0,10.0,3,3,4,7,2,4,7,0.0,0.0,0,Macedonia,2012
2013,9,0,9,9.0,11.0,3,3,4,7,2,4,7,0.0,0.0,0,Macedonia,2013
2014,9,0,9,9.0,12.0,3,3,4,7,2,4,7,0.0,0.0,0,Macedonia,2014
2015,9,0,9,9.0,13.0,3,3,4,7,2,4,7,0.0,0.0,0,Macedonia,2015
2016,9,0,9,9.0,14.0,3,3,4,7,2,4,7,0.0,0.0,0,Macedonia,2016
2017,9,0,9,9.0,15.0,3,3,4,7,2,4,7,0.0,0.0,0,Macedonia,2017
2018,9,0,9,9.0,16.0,3,3,4,7,2,4,7,0.0,0.0,0,Macedonia,2018
2010,3,3,0,0.0,1.0,2,1,4,5,3,3,5,0.0,0.0,0,Madagascar,2010
2011,4,1,3,3.0,0.0,2,0,0,5,3,4,5,0.0,0.0,1,Madagascar,2011
2012,4,1,3,3.0,1.0,2,0,0,5,3,4,5,0.0,0.0,0,Madagascar,2012
2013,4,1,3,3.0,2.0,2,0,0,5,3,4,5,0.0,0.0,0,Madagascar,2013
2014,6,0,6,6.0,0.0,2,2,4,6,2,3,6,1.0,0.0,1,Madagascar,2014
2015,6,0,6,6.0,1.0,2,2,4,6,2,3,6,0.0,0.0,0,Madagascar,2015
2016,6,0,6,6.0,2.0,2,2,4,6,2,3,6,0.0,0.0,0,Madagascar,2016
2017,6,0,6,6.0,3.0,2,2,4,6,2,3,6,0.0,0.0,0,Madagascar,2017
2018,6,0,6,6.0,4.0,2,2,4,6,2,3,6,0.0,0.0,0,Madagascar,2018
2010,6,0,6,6.0,2.0,3,3,4,5,2,3,5,0.0,0.0,0,Malaysia,2010
2011,6,0,6,6.0,3.0,3,3,4,5,2,3,5,0.0,0.0,0,Malaysia,2011
2012,6,0,6,6.0,4.0,3,3,4,5,2,3,5,0.0,0.0,0,Malaysia,2012
2013,6,0,6,6.0,5.0,3,3,4,5,2,3,5,0.0,0.0,0,Malaysia,2013
2014,6,1,5,5.0,6.0,3,3,4,5,3,3,5,1.0,0.0,0,Malaysia,2014
2015,6,1,5,5.0,7.0,3,3,4,5,3,3,5,0.0,0.0,0,Malaysia,2015
2016,6,1,5,5.0,8.0,3,3,4,5,3,3,5,0.0,0.0,0,Malaysia,2016
2017,6,1,5,5.0,9.0,3,3,4,5,3,3,5,0.0,0.0,0,Malaysia,2017
2018,7,0,7,7.0,10.0,3,3,4,5,2,4,5,1.0,0.0,0,Malaysia,2018
2010,10,0,10,10.0,53.0,3,3,4,7,5,5,7,0.0,0.0,0,Mauritius,2010
2011,10,0,10,10.0,54.0,3,3,4,7,5,5,7,0.0,0.0,0,Mauritius,2011
2012,10,0,10,10.0,55.0,3,3,4,7,5,5,7,0.0,0.0,0,Mauritius,2012
2013,10,0,10,10.0,56.0,3,3,4,7,5,5,7,0.0,0.0,0,Mauritius,2013
2014,10,0,10,10.0,57.0,3,3,4,7,5,5,7,0.0,0.0,0,Mauritius,2014
2015,10,0,10,10.0,58.0,3,3,4,7,5,5,7,0.0,0.0,0,Mauritius,2015
2016,10,0,10,10.0,59.0,3,3,4,7,5,5,7,0.0,0.0,0,Mauritius,2016
2017,10,0,10,10.0,60.0,3,3,4,7,5,5,7,0.0,0.0,0,Mauritius,2017
2018,10,0,10,10.0,61.0,3,3,4,7,5,5,7,0.0,0.0,0,Mauritius,2018
2010,6,0,6,6.0,16.0,2,2,4,6,2,3,6,0.0,0.0,0,Malawi,2010
2011,6,0,6,6.0,17.0,2,2,4,6,2,3,6,0.0,0.0,0,Malawi,2011
2012,6,0,6,6.0,18.0,2,2,4,6,2,3,6,0.0,0.0,0,Malawi,2012
2013,6,0,6,6.0,19.0,2,2,4,6,2,3,6,0.0,0.0,0,Malawi,2013
2014,6,0,6,6.0,20.0,2,2,4,6,2,3,6,0.0,0.0,0,Malawi,2014
2015,6,0,6,6.0,21.0,2,2,4,6,2,3,6,0.0,0.0,0,Malawi,2015
2016,6,0,6,6.0,22.0,2,2,4,6,2,3,6,0.0,0.0,0,Malawi,2016
2017,6,0,6,6.0,23.0,2,2,4,6,2,3,6,0.0,0.0,0,Malawi,2017
2018,6,0,6,6.0,24.0,2,2,4,6,2,3,6,0.0,0.0,0,Malawi,2018
2010,8,0,8,8.0,16.0,3,3,4,6,2,4,6,0.0,0.0,0,Mexico,2010
2011,8,0,8,8.0,17.0,3,3,4,6,2,4,6,0.0,0.0,0,Mexico,2011
2012,8,0,8,8.0,18.0,3,3,4,6,2,4,6,0.0,0.0,0,Mexico,2012
2013,8,0,8,8.0,19.0,3,3,4,6,2,4,6,0.0,0.0,0,Mexico,2013
2014,8,0,8,8.0,20.0,3,3,4,6,2,4,6,0.0,0.0,0,Mexico,2014
2015,8,0,8,8.0,21.0,3,3,4,6,2,4,6,0.0,0.0,0,Mexico,2015
2016,8,0,8,8.0,22.0,3,3,4,6,2,4,6,0.0,0.0,0,Mexico,2016
2017,8,0,8,8.0,23.0,3,3,4,6,2,4,6,0.0,0.0,0,Mexico,2017
2018,8,0,8,8.0,24.0,3,3,4,6,2,4,6,0.0,0.0,0,Mexico,2018
2010,9,0,9,9.0,19.0,3,3,4,7,2,4,7,0.0,0.0,0,Moldova,2010
2011,9,0,9,9.0,20.0,3,3,4,7,2,4,7,0.0,0.0,0,Moldova,2011
2012,9,0,9,9.0,21.0,3,3,4,7,2,4,7,0.0,0.0,0,Moldova,2012
2013,9,0,9,9.0,22.0,3,3,4,7,2,4,7,0.0,0.0,0,Moldova,2013
2014,9,0,9,9.0,23.0,3,3,4,7,2,4,7,0.0,0.0,0,Moldova,2014
2015,9,0,9,9.0,24.0,3,3,4,7,2,4,7,0.0,0.0,0,Moldova,2015
2016,9,0,9,9.0,25.0,3,3,4,7,2,4,7,0.0,0.0,0,Moldova,2016
2017,9,0,9,9.0,26.0,3,3,4,7,2,4,7,0.0,0.0,0,Moldova,2017
2018,9,0,9,9.0,27.0,3,3,4,7,2,4,7,0.0,0.0,0,Moldova,2018
2010,7,0,7,7.0,18.0,3,3,4,5,2,4,5,0.0,0.0,0,Mali,2010
2011,7,0,7,7.0,19.0,3,3,4,5,2,4,5,0.0,0.0,0,Mali,2011
2012,-77,-77,-77,0.0,0.0,-77,-77,-77,-77,-77,-77,-77,0.0,1.0,1,Mali,2012
2013,6,1,5,5.0,0.0,2,2,4,5,3,4,5,1.0,1.0,0,Mali,2013
2014,6,1,5,5.0,1.0,2,2,4,5,3,4,5,0.0,0.0,0,Mali,2014
2015,6,1,5,5.0,2.0,2,2,4,5,3,4,5,0.0,0.0,0,Mali,2015
2016,6,1,5,5.0,3.0,2,2,4,5,3,4,5,0.0,0.0,0,Mali,2016
2017,6,1,5,5.0,4.0,2,2,4,5,3,4,5,0.0,0.0,0,Mali,2017
2018,6,1,5,5.0,5.0,2,2,4,5,3,4,5,0.0,0.0,0,Mali,2018
2010,9,0,9,9.0,4.0,3,3,4,7,2,4,7,0.0,0.0,0,Montenegro,2010
2011,9,0,9,9.0,5.0,3,3,4,7,2,4,7,0.0,0.0,0,Montenegro,2011
2012,9,0,9,9.0,6.0,3,3,4,7,2,4,7,0.0,0.0,0,Montenegro,2012
2013,9,0,9,9.0,7.0,3,3,4,7,2,4,7,0.0,0.0,0,Montenegro,2013
2014,9,0,9,9.0,8.0,3,3,4,7,2,4,7,0.0,0.0,0,Montenegro,2014
2015,9,0,9,9.0,9.0,3,3,4,7,2,4,7,0.0,0.0,0,Montenegro,2015
2016,9,0,9,9.0,10.0,3,3,4,7,2,4,7,0.0,0.0,0,Montenegro,2016
2017,9,0,9,9.0,11.0,3,3,4,7,2,4,7,0.0,0.0,0,Montenegro,2017
2018,9,0,9,9.0,12.0,3,3,4,7,2,4,7,0.0,0.0,0,Montenegro,2018
2010,10,0,10,10.0,18.0,3,3,4,7,5,5,7,0.0,0.0,0,Mongolia,2010
2011,10,0,10,10.0,19.0,3,3,4,7,5,5,7,0.0,0.0,0,Mongolia,2011
2012,10,0,10,10.0,20.0,3,3,4,7,5,5,7,0.0,0.0,0,Mongolia,2012
2013,10,0,10,10.0,21.0,3,3,4,7,5,5,7,0.0,0.0,0,Mongolia,2013
2014,10,0,10,10.0,22.0,3,3,4,7,5,5,7,0.0,0.0,0,Mongolia,2014
2015,10,0,10,10.0,23.0,3,3,4,7,5,5,7,0.0,0.0,0,Mongolia,2015
2016,10,0,10,10.0,24.0,3,3,4,7,5,5,7,0.0,0.0,0,Mongolia,2016
2017,10,0,10,10.0,25.0,3,3,4,7,5,5,7,0.0,0.0,0,Mongolia,2017
2018,10,0,10,10.0,26.0,3,3,4,7,5,5,7,0.0,0.0,0,Mongolia,2018
2010,0,6,-6,-6.0,45.0,3,1,2,3,3,2,3,0.0,0.0,0,Morocco,2010
2011,1,5,-4,-4.0,46.0,3,1,2,4,3,2,4,1.0,0.0,0,Morocco,2011
2012,1,5,-4,-4.0,47.0,3,1,2,4,3,2,4,0.0,0.0,0,Morocco,2012
2013,1,5,-4,-4.0,48.0,3,1,2,4,3,2,4,0.0,0.0,0,Morocco,2013
2014,1,5,-4,-4.0,49.0,3,1,2,4,3,2,4,0.0,0.0,0,Morocco,2014
2015,1,5,-4,-4.0,50.0,3,1,2,4,3,2,4,0.0,0.0,0,Morocco,2015
2016,1,5,-4,-4.0,51.0,3,1,2,4,3,2,4,0.0,0.0,0,Morocco,2016
2017,1,5,-4,-4.0,52.0,3,1,2,4,3,2,4,0.0,0.0,0,Morocco,2017
2018,1,5,-4,-4.0,53.0,3,1,2,4,3,2,4,0.0,0.0,0,Morocco,2018
2010,0,6,-6,-6.0,22.0,2,0,0,2,4,1,2,0.0,0.0,0,Myanmar (Burma),2010
2011,0,3,-3,-3.0,0.0,2,0,0,3,3,2,3,1.0,0.0,1,Myanmar (Burma),2011
2012,0,3,-3,-3.0,1.0,2,0,0,3,3,2,3,0.0,0.0,0,Myanmar (Burma),2012
2013,0,3,-3,-3.0,2.0,2,0,0,3,3,2,3,0.0,0.0,0,Myanmar (Burma),2013
2014,0,3,-3,-3.0,3.0,2,0,0,3,3,2,3,0.0,0.0,0,Myanmar (Burma),2014
2015,-88,-88,-88,2.0,0.0,-88,-88,-88,-88,-88,-88,-88,0.0,0.0,1,Myanmar (Burma),2015
2016,8,0,8,8.0,0.0,2,2,4,7,2,4,7,1.0,0.0,1,Myanmar (Burma),2016
2017,8,0,8,8.0,1.0,2,2,4,7,2,4,7,0.0,0.0,0,Myanmar (Burma),2017
2018,8,0,8,8.0,2.0,2,2,4,7,2,4,7,0.0,0.0,0,Myanmar (Burma),2018
2010,5,0,5,5.0,16.0,2,2,4,4,2,4,4,0.0,0.0,0,Mozambique,2010
2011,5,0,5,5.0,17.0,2,2,4,4,2,4,4,0.0,0.0,0,Mozambique,2011
2012,5,0,5,5.0,18.0,2,2,4,4,2,4,4,0.0,0.0,0,Mozambique,2012
2013,6,1,5,5.0,19.0,2,2,4,5,3,4,5,1.0,0.0,1,Mozambique,2013
2014,6,1,5,5.0,20.0,2,2,4,5,3,4,5,0.0,0.0,0,Mozambique,2014
2015,6,1,5,5.0,21.0,2,2,4,5,3,4,5,0.0,0.0,0,Mozambique,2015
2016,6,1,5,5.0,22.0,2,2,4,5,3,4,5,0.0,0.0,0,Mozambique,2016
2017,6,1,5,5.0,23.0,2,2,4,5,3,4,5,0.0,0.0,0,Mozambique,2017
2018,6,1,5,5.0,24.0,2,2,4,5,3,4,5,0.0,0.0,0,Mozambique,2018
2010,6,0,6,6.0,45.0,2,2,4,5,2,4,5,0.0,0.0,0,Namibia,2010
2011,6,0,6,6.0,46.0,2,2,4,5,2,4,5,0.0,0.0,0,Namibia,2011
2012,6,0,6,6.0,47.0,2,2,4,5,2,4,5,0.0,0.0,0,Namibia,2012
2013,6,0,6,6.0,48.0,2,2,4,5,2,4,5,0.0,0.0,0,Namibia,2013
2014,6,0,6,6.0,49.0,2,2,4,5,2,4,5,0.0,0.0,0,Namibia,2014
2015,6,0,6,6.0,50.0,2,2,4,5,2,4,5,0.0,0.0,0,Namibia,2015
2016,6,0,6,6.0,51.0,2,2,4,5,2,4,5,0.0,0.0,0,Namibia,2016
2017,6,0,6,6.0,52.0,2,2,4,5,2,4,5,0.0,0.0,0,Namibia,2017
2018,6,0,6,6.0,53.0,2,2,4,5,2,4,5,0.0,0.0,0,Namibia,2018
2010,6,0,6,6.0,4.0,2,2,4,6,2,3,6,0.0,0.0,0,Nepal,2010
2011,6,0,6,6.0,5.0,2,2,4,6,2,3,6,0.0,0.0,0,Nepal,2011
2012,6,0,6,6.0,6.0,2,2,4,6,2,3,6,0.0,0.0,0,Nepal,2012
2013,6,0,6,6.0,7.0,2,2,4,6,2,3,6,0.0,0.0,0,Nepal,2013
2014,6,0,6,6.0,8.0,2,2,4,6,2,3,6,0.0,0.0,0,Nepal,2014
2015,6,0,6,6.0,9.0,2,2,4,6,2,3,6,0.0,0.0,0,Nepal,2015
2016,6,0,6,6.0,10.0,2,2,4,6,2,3,6,0.0,0.0,0,Nepal,2016
2017,6,0,6,6.0,11.0,2,2,4,6,2,3,6,0.0,0.0,0,Nepal,2017
2018,8,1,7,7.0,12.0,3,3,4,6,3,4,6,1.0,0.0,0,Nepal,2018
2010,10,0,10,10.0,133.0,3,3,4,7,5,5,7,0.0,0.0,0,New Zealand,2010
2011,10,0,10,10.0,134.0,3,3,4,7,5,5,7,0.0,0.0,0,New Zealand,2011
2012,10,0,10,10.0,135.0,3,3,4,7,5,5,7,0.0,0.0,0,New Zealand,2012
2013,10,0,10,10.0,136.0,3,3,4,7,5,5,7,0.0,0.0,0,New Zealand,2013
2014,10,0,10,10.0,137.0,3,3,4,7,5,5,7,0.0,0.0,0,New Zealand,2014
2015,10,0,10,10.0,138.0,3,3,4,7,5,5,7,0.0,0.0,0,New Zealand,2015
2016,10,0,10,10.0,139.0,3,3,4,7,5,5,7,0.0,0.0,0,New Zealand,2016
2017,10,0,10,10.0,140.0,3,3,4,7,5,5,7,0.0,0.0,0,New Zealand,2017
2018,10,0,10,10.0,141.0,3,3,4,7,5,5,7,0.0,0.0,0,New Zealand,2018
2010,9,0,9,9.0,20.0,3,3,4,7,2,4,7,0.0,0.0,0,Nicaragua,2010
2011,9,0,9,9.0,21.0,3,3,4,7,2,4,7,0.0,0.0,0,Nicaragua,2011
2012,9,0,9,9.0,22.0,3,3,4,7,2,4,7,0.0,0.0,0,Nicaragua,2012
2013,9,0,9,9.0,23.0,3,3,4,7,2,4,7,0.0,0.0,0,Nicaragua,2013
2014,9,0,9,9.0,24.0,3,3,4,7,2,4,7,0.0,0.0,0,Nicaragua,2014
2015,9,0,9,9.0,25.0,3,3,4,7,2,4,7,0.0,0.0,0,Nicaragua,2015
2016,7,1,6,6.0,0.0,2,2,4,6,3,4,6,1.0,0.0,1,Nicaragua,2016
2017,7,1,6,6.0,1.0,2,2,4,6,3,4,6,0.0,0.0,0,Nicaragua,2017
2018,7,1,6,6.0,2.0,2,2,4,6,3,4,6,0.0,0.0,0,Nicaragua,2018
2010,4,0,4,4.0,11.0,2,2,4,5,2,0,5,0.0,0.0,0,Nigeria,2010
2011,4,0,4,4.0,12.0,2,2,4,5,2,0,5,0.0,0.0,0,Nigeria,2011
2012,4,0,4,4.0,13.0,2,2,4,5,2,0,5,0.0,0.0,0,Nigeria,2012
2013,4,0,4,4.0,14.0,2,2,4,5,2,0,5,0.0,0.0,0,Nigeria,2013
2014,4,0,4,4.0,15.0,2,2,4,5,2,0,5,0.0,0.0,0,Nigeria,2014
2015,8,1,7,7.0,0.0,3,3,4,6,3,4,6,1.0,0.0,1,Nigeria,2015
2016,8,1,7,7.0,1.0,3,3,4,6,3,4,6,0.0,0.0,0,Nigeria,2016
2017,8,1,7,7.0,2.0,3,3,4,6,3,4,6,0.0,0.0,0,Nigeria,2017
2018,8,1,7,7.0,3.0,3,3,4,6,3,4,6,0.0,0.0,0,Nigeria,2018
2010,4,1,3,3.0,0.0,2,0,0,5,3,4,5,0.0,0.0,1,Niger,2010
2011,7,1,6,6.0,0.0,3,3,4,5,3,4,5,1.0,0.0,1,Niger,2011
2012,7,1,6,6.0,1.0,3,3,4,5,3,4,5,0.0,0.0,0,Niger,2012
2013,7,1,6,6.0,2.0,3,3,4,5,3,4,5,0.0,0.0,0,Niger,2013
2014,7,1,6,6.0,3.0,3,3,4,5,3,4,5,0.0,0.0,0,Niger,2014
2015,7,1,6,6.0,4.0,3,3,4,5,3,4,5,0.0,0.0,0,Niger,2015
2016,6,1,5,5.0,5.0,2,2,4,5,3,4,5,1.0,0.0,0,Niger,2016
2017,6,1,5,5.0,6.0,2,2,4,5,3,4,5,0.0,0.0,0,Niger,2017
2018,6,1,5,5.0,7.0,2,2,4,5,3,4,5,0.0,0.0,0,Niger,2018
2010,10,0,10,10.0,107.0,3,3,4,7,5,5,7,0.0,0.0,0,Norway,2010
2011,10,0,10,10.0,108.0,3,3,4,7,5,5,7,0.0,0.0,0,Norway,2011
2012,10,0,10,10.0,109.0,3,3,4,7,5,5,7,0.0,0.0,0,Norway,2012
2013,10,0,10,10.0,110.0,3,3,4,7,5,5,7,0.0,0.0,0,Norway,2013
2014,10,0,10,10.0,111.0,3,3,4,7,5,5,7,0.0,0.0,0,Norway,2014
2015,10,0,10,10.0,112.0,3,3,4,7,5,5,7,0.0,0.0,0,Norway,2015
2016,10,0,10,10.0,113.0,3,3,4,7,5,5,7,0.0,0.0,0,Norway,2016
2017,10,0,10,10.0,114.0,3,3,4,7,5,5,7,0.0,0.0,0,Norway,2017
2018,10,0,10,10.0,115.0,3,3,4,7,5,5,7,0.0,0.0,0,Norway,2018
2010,10,0,10,10.0,88.0,3,3,4,7,5,5,7,0.0,0.0,0,Netherlands,2010
2011,10,0,10,10.0,89.0,3,3,4,7,5,5,7,0.0,0.0,0,Netherlands,2011
2012,10,0,10,10.0,90.0,3,3,4,7,5,5,7,0.0,0.0,0,Netherlands,2012
2013,10,0,10,10.0,91.0,3,3,4,7,5,5,7,0.0,0.0,0,Netherlands,2013
2014,10,0,10,10.0,92.0,3,3,4,7,5,5,7,0.0,0.0,0,Netherlands,2014
2015,10,0,10,10.0,93.0,3,3,4,7,5,5,7,0.0,0.0,0,Netherlands,2015
2016,10,0,10,10.0,94.0,3,3,4,7,5,5,7,0.0,0.0,0,Netherlands,2016
2017,10,0,10,10.0,95.0,3,3,4,7,5,5,7,0.0,0.0,0,Netherlands,2017
2018,10,0,10,10.0,96.0,3,3,4,7,5,5,7,0.0,0.0,0,Netherlands,2018
2010,0,8,-8,-8.0,53.0,3,1,1,2,4,2,2,0.0,0.0,0,Oman,2010
2011,0,8,-8,-8.0,54.0,3,1,1,2,4,2,2,0.0,0.0,0,Oman,2011
2012,0,8,-8,-8.0,55.0,3,1,1,2,4,2,2,0.0,0.0,0,Oman,2012
2013,0,8,-8,-8.0,56.0,3,1,1,2,4,2,2,0.0,0.0,0,Oman,2013
2014,0,8,-8,-8.0,57.0,3,1,1,2,4,2,2,0.0,0.0,0,Oman,2014
2015,0,8,-8,-8.0,58.0,3,1,1,2,4,2,2,0.0,0.0,0,Oman,2015
2016,0,8,-8,-8.0,59.0,3,1,1,2,4,2,2,0.0,0.0,0,Oman,2016
2017,0,8,-8,-8.0,60.0,3,1,1,2,4,2,2,0.0,0.0,0,Oman,2017
2018,0,8,-8,-8.0,61.0,3,1,1,2,4,2,2,0.0,0.0,0,Oman,2018
2010,6,0,6,6.0,2.0,2,2,4,6,2,3,6,1.0,0.0,0,Pakistan,2010
2011,6,0,6,6.0,3.0,2,2,4,6,2,3,6,0.0,0.0,0,Pakistan,2011
2012,6,0,6,6.0,4.0,2,2,4,6,2,3,6,0.0,0.0,0,Pakistan,2012
2013,7,0,7,7.0,5.0,3,3,4,6,2,3,6,1.0,0.0,0,Pakistan,2013
2014,7,0,7,7.0,6.0,3,3,4,6,2,3,6,0.0,0.0,0,Pakistan,2014
2015,7,0,7,7.0,7.0,3,3,4,6,2,3,6,0.0,0.0,0,Pakistan,2015
2016,7,0,7,7.0,8.0,3,3,4,6,2,3,6,0.0,0.0,0,Pakistan,2016
2017,7,0,7,7.0,9.0,3,3,4,6,2,3,6,0.0,0.0,0,Pakistan,2017
2018,7,0,7,7.0,10.0,3,3,4,6,2,3,6,0.0,0.0,0,Pakistan,2018
2010,9,0,9,9.0,21.0,3,3,4,6,5,5,6,0.0,0.0,0,Panama,2010
2011,9,0,9,9.0,22.0,3,3,4,6,5,5,6,0.0,0.0,0,Panama,2011
2012,9,0,9,9.0,23.0,3,3,4,6,5,5,6,0.0,0.0,0,Panama,2012
2013,9,0,9,9.0,24.0,3,3,4,6,5,5,6,0.0,0.0,0,Panama,2013
2014,9,0,9,9.0,25.0,3,3,4,6,5,5,6,0.0,0.0,0,Panama,2014
2015,9,0,9,9.0,26.0,3,3,4,6,5,5,6,0.0,0.0,0,Panama,2015
2016,9,0,9,9.0,27.0,3,3,4,6,5,5,6,0.0,0.0,0,Panama,2016
2017,9,0,9,9.0,28.0,3,3,4,6,5,5,6,0.0,0.0,0,Panama,2017
2018,9,0,9,9.0,29.0,3,3,4,6,5,5,6,0.0,0.0,0,Panama,2018
2010,9,1,8,8.0,18.0,3,3,4,7,3,4,7,0.0,0.0,0,Paraguay,2010
2011,9,1,8,8.0,19.0,3,3,4,7,3,4,7,0.0,0.0,0,Paraguay,2011
2012,9,1,8,8.0,20.0,3,3,4,7,3,4,7,0.0,0.0,0,Paraguay,2012
2013,9,0,9,9.0,21.0,3,3,4,7,2,4,7,1.0,0.0,0,Paraguay,2013
2014,9,0,9,9.0,22.0,3,3,4,7,2,4,7,0.0,0.0,0,Paraguay,2014
2015,9,0,9,9.0,23.0,3,3,4,7,2,4,7,0.0,0.0,0,Paraguay,2015
2016,9,0,9,9.0,24.0,3,3,4,7,2,4,7,0.0,0.0,0,Paraguay,2016
2017,9,0,9,9.0,25.0,3,3,4,7,2,4,7,0.0,0.0,0,Paraguay,2017
2018,9,0,9,9.0,26.0,3,3,4,7,2,4,7,0.0,0.0,0,Paraguay,2018
2010,9,0,9,9.0,9.0,3,3,4,7,2,4,7,0.0,0.0,0,Peru,2010
2011,9,0,9,9.0,10.0,3,3,4,7,2,4,7,0.0,0.0,0,Peru,2011
2012,9,0,9,9.0,11.0,3,3,4,7,2,4,7,0.0,0.0,0,Peru,2012
2013,9,0,9,9.0,12.0,3,3,4,7,2,4,7,0.0,0.0,0,Peru,2013
2014,9,0,9,9.0,13.0,3,3,4,7,2,4,7,0.0,0.0,0,Peru,2014
2015,9,0,9,9.0,14.0,3,3,4,7,2,4,7,0.0,0.0,0,Peru,2015
2016,9,0,9,9.0,15.0,3,3,4,7,2,4,7,0.0,0.0,0,Peru,2016
2017,9,0,9,9.0,16.0,3,3,4,7,2,4,7,0.0,0.0,0,Peru,2017
2018,9,0,9,9.0,17.0,3,3,4,7,2,4,7,0.0,0.0,0,Peru,2018
2010,8,0,8,8.0,23.0,3,3,4,6,2,4,6,0.0,0.0,0,Philippines,2010
2011,8,0,8,8.0,24.0,3,3,4,6,2,4,6,0.0,0.0,0,Philippines,2011
2012,8,0,8,8.0,25.0,3,3,4,6,2,4,6,0.0,0.0,0,Philippines,2012
2013,8,0,8,8.0,26.0,3,3,4,6,2,4,6,0.0,0.0,0,Philippines,2013
2014,8,0,8,8.0,27.0,3,3,4,6,2,4,6,0.0,0.0,0,Philippines,2014
2015,8,0,8,8.0,28.0,3,3,4,6,2,4,6,0.0,0.0,0,Philippines,2015
2016,8,0,8,8.0,29.0,3,3,4,6,2,4,6,0.0,0.0,0,Philippines,2016
2017,8,0,8,8.0,30.0,3,3,4,6,2,4,6,0.0,0.0,0,Philippines,2017
2018,8,0,8,8.0,31.0,3,3,4,6,2,4,6,0.0,0.0,0,Philippines,2018
2010,4,0,4,4.0,35.0,2,2,4,5,1,0,5,0.0,0.0,0,Papua New Guinea,2010
2011,4,0,4,4.0,36.0,2,2,4,5,1,0,5,0.0,0.0,0,Papua New Guinea,2011
2012,5,0,5,5.0,37.0,2,2,4,6,2,0,6,1.0,0.0,0,Papua New Guinea,2012
2013,5,0,5,5.0,38.0,2,2,4,6,2,0,6,0.0,0.0,0,Papua New Guinea,2013
2014,5,0,5,5.0,39.0,2,2,4,6,2,0,6,0.0,0.0,0,Papua New Guinea,2014
2015,5,0,5,5.0,40.0,2,2,4,6,2,0,6,0.0,0.0,0,Papua New Guinea,2015
2016,5,0,5,5.0,41.0,2,2,4,6,2,0,6,0.0,0.0,0,Papua New Guinea,2016
2017,5,0,5,5.0,42.0,2,2,4,6,2,0,6,0.0,0.0,0,Papua New Guinea,2017
2018,5,0,5,5.0,43.0,2,2,4,6,2,0,6,0.0,0.0,0,Papua New Guinea,2018
2010,10,0,10,10.0,19.0,3,3,4,7,5,5,7,0.0,0.0,0,Poland,2010
2011,10,0,10,10.0,20.0,3,3,4,7,5,5,7,0.0,0.0,0,Poland,2011
2012,10,0,10,10.0,21.0,3,3,4,7,5,5,7,0.0,0.0,0,Poland,2012
2013,10,0,10,10.0,22.0,3,3,4,7,5,5,7,0.0,0.0,0,Poland,2013
2014,10,0,10,10.0,23.0,3,3,4,7,5,5,7,0.0,0.0,0,Poland,2014
2015,10,0,10,10.0,24.0,3,3,4,7,5,5,7,0.0,0.0,0,Poland,2015
2016,10,0,10,10.0,25.0,3,3,4,7,5,5,7,0.0,0.0,0,Poland,2016
2017,10,0,10,10.0,26.0,3,3,4,7,5,5,7,0.0,0.0,0,Poland,2017
2018,10,0,10,10.0,27.0,3,3,4,7,5,5,7,0.0,0.0,0,Poland,2018
2010,10,0,10,10.0,34.0,3,3,4,7,5,5,7,0.0,0.0,0,Portugal,2010
2011,10,0,10,10.0,35.0,3,3,4,7,5,5,7,0.0,0.0,0,Portugal,2011
2012,10,0,10,10.0,36.0,3,3,4,7,5,5,7,0.0,0.0,0,Portugal,2012
2013,10,0,10,10.0,37.0,3,3,4,7,5,5,7,0.0,0.0,0,Portugal,2013
2014,10,0,10,10.0,38.0,3,3,4,7,5,5,7,0.0,0.0,0,Portugal,2014
2015,10,0,10,10.0,39.0,3,3,4,7,5,5,7,0.0,0.0,0,Portugal,2015
2016,10,0,10,10.0,40.0,3,3,4,7,5,5,7,0.0,0.0,0,Portugal,2016
2017,10,0,10,10.0,41.0,3,3,4,7,5,5,7,0.0,0.0,0,Portugal,2017
2018,10,0,10,10.0,42.0,3,3,4,7,5,5,7,0.0,0.0,0,Portugal,2018
2010,0,10,-10,-10.0,62.0,3,1,1,1,4,1,1,0.0,0.0,0,Korea North,2010
2011,0,10,-10,-10.0,63.0,3,1,1,1,4,1,1,0.0,0.0,0,Korea North,2011
2012,0,10,-10,-10.0,64.0,3,1,1,1,4,1,1,0.0,0.0,0,Korea North,2012
2013,0,10,-10,-10.0,65.0,3,1,1,1,4,1,1,0.0,0.0,0,Korea North,2013
2014,0,10,-10,-10.0,66.0,3,1,1,1,4,1,1,0.0,0.0,0,Korea North,2014
2015,0,10,-10,-10.0,67.0,3,1,1,1,4,1,1,0.0,0.0,0,Korea North,2015
2016,0,10,-10,-10.0,68.0,3,1,1,1,4,1,1,0.0,0.0,0,Korea North,2016
2017,0,10,-10,-10.0,69.0,3,1,1,1,4,1,1,0.0,0.0,0,Korea North,2017
2018,0,10,-10,-10.0,70.0,3,1,1,1,4,1,1,0.0,0.0,0,Korea North,2018
2010,0,10,-10,-10.0,110.0,3,1,1,1,4,1,1,0.0,0.0,0,Qatar,2010
2011,0,10,-10,-10.0,111.0,3,1,1,1,4,1,1,0.0,0.0,0,Qatar,2011
2012,0,10,-10,-10.0,112.0,3,1,1,1,4,1,1,0.0,0.0,0,Qatar,2012
2013,0,10,-10,-10.0,113.0,3,1,1,1,4,1,1,0.0,0.0,0,Qatar,2013
2014,0,10,-10,-10.0,114.0,3,1,1,1,4,1,1,0.0,0.0,0,Qatar,2014
2015,0,10,-10,-10.0,115.0,3,1,1,1,4,1,1,0.0,0.0,0,Qatar,2015
2016,0,10,-10,-10.0,116.0,3,1,1,1,4,1,1,0.0,0.0,0,Qatar,2016
2017,0,10,-10,-10.0,117.0,3,1,1,1,4,1,1,0.0,0.0,0,Qatar,2017
2018,0,10,-10,-10.0,118.0,3,1,1,1,4,1,1,0.0,0.0,0,Qatar,2018
2010,8,0,8,8.0,22.0,3,3,4,6,2,4,6,0.0,0.0,0,Korea South,2010
2011,8,0,8,8.0,23.0,3,3,4,6,2,4,6,0.0,0.0,0,Korea South,2011
2012,8,0,8,8.0,24.0,3,3,4,6,2,4,6,0.0,0.0,0,Korea South,2012
2013,8,0,8,8.0,25.0,3,3,4,6,2,4,6,0.0,0.0,0,Korea South,2013
2014,8,0,8,8.0,26.0,3,3,4,6,2,4,6,0.0,0.0,0,Korea South,2014
2015,8,0,8,8.0,27.0,3,3,4,6,2,4,6,0.0,0.0,0,Korea South,2015
2016,8,0,8,8.0,28.0,3,3,4,6,2,4,6,0.0,0.0,0,Korea South,2016
2017,8,0,8,8.0,29.0,3,3,4,6,2,4,6,0.0,0.0,0,Korea South,2017
2018,8,0,8,8.0,30.0,3,3,4,6,2,4,6,0.0,0.0,0,Korea South,2018
2010,9,0,9,9.0,14.0,3,3,4,7,2,4,7,0.0,0.0,0,Romania,2010
2011,9,0,9,9.0,15.0,3,3,4,7,2,4,7,0.0,0.0,0,Romania,2011
2012,9,0,9,9.0,16.0,3,3,4,7,2,4,7,0.0,0.0,0,Romania,2012
2013,9,0,9,9.0,17.0,3,3,4,7,2,4,7,0.0,0.0,0,Romania,2013
2014,9,0,9,9.0,18.0,3,3,4,7,2,4,7,0.0,0.0,0,Romania,2014
2015,9,0,9,9.0,19.0,3,3,4,7,2,4,7,0.0,0.0,0,Romania,2015
2016,9,0,9,9.0,20.0,3,3,4,7,2,4,7,0.0,0.0,0,Romania,2016
2017,9,0,9,9.0,21.0,3,3,4,7,2,4,7,0.0,0.0,0,Romania,2017
2018,9,0,9,9.0,22.0,3,3,4,7,2,4,7,0.0,0.0,0,Romania,2018
2010,5,1,4,4.0,10.0,2,2,4,4,3,4,4,0.0,0.0,0,Russia,2010
2011,5,1,4,4.0,11.0,2,2,4,4,3,4,4,0.0,0.0,0,Russia,2011
2012,5,1,4,4.0,12.0,2,2,4,4,3,4,4,0.0,0.0,0,Russia,2012
2013,5,1,4,4.0,13.0,2,2,4,4,3,4,4,0.0,0.0,0,Russia,2013
2014,5,1,4,4.0,14.0,2,2,4,4,3,4,4,0.0,0.0,0,Russia,2014
2015,5,1,4,4.0,15.0,2,2,4,4,3,4,4,0.0,0.0,0,Russia,2015
2016,5,1,4,4.0,16.0,2,2,4,4,3,4,4,0.0,0.0,0,Russia,2016
2017,5,1,4,4.0,17.0,2,2,4,4,3,4,4,0.0,0.0,0,Russia,2017
2018,5,1,4,4.0,18.0,2,2,4,4,3,4,4,0.0,0.0,0,Russia,2018
2010,0,4,-4,-4.0,49.0,2,0,0,3,4,2,3,1.0,0.0,0,Rwanda,2010
2011,0,4,-4,-4.0,50.0,1,0,0,3,4,2,3,0.0,0.0,0,Rwanda,2011
2012,0,4,-4,-4.0,51.0,1,0,0,3,4,2,3,0.0,0.0,0,Rwanda,2012
2013,0,3,-3,-3.0,52.0,1,0,0,3,3,2,3,1.0,0.0,0,Rwanda,2013
2014,0,3,-3,-3.0,53.0,1,0,0,3,3,2,3,0.0,0.0,0,Rwanda,2014
2015,0,3,-3,-3.0,54.0,1,0,0,3,3,2,3,0.0,0.0,0,Rwanda,2015
2016,0,3,-3,-3.0,55.0,1,0,0,3,3,2,3,0.0,0.0,0,Rwanda,2016
2017,0,3,-3,-3.0,56.0,1,0,0,3,3,2,3,0.0,0.0,0,Rwanda,2017
2018,0,3,-3,-3.0,57.0,1,0,0,3,3,2,3,0.0,0.0,0,Rwanda,2018
2010,9,0,9,9.0,100.0,3,3,4,7,2,4,7,0.0,0.0,0,South Africa,2010
2011,9,0,9,9.0,101.0,3,3,4,7,2,4,7,0.0,0.0,0,South Africa,2011
2012,9,0,9,9.0,102.0,3,3,4,7,2,4,7,0.0,0.0,0,South Africa,2012
2013,9,0,9,9.0,103.0,3,3,4,7,2,4,7,0.0,0.0,0,South Africa,2013
2014,9,0,9,9.0,104.0,3,3,4,7,2,4,7,0.0,0.0,0,South Africa,2014
2015,9,0,9,9.0,105.0,3,3,4,7,2,4,7,0.0,0.0,0,South Africa,2015
2016,9,0,9,9.0,106.0,3,3,4,7,2,4,7,0.0,0.0,0,South Africa,2016
2017,9,0,9,9.0,107.0,3,3,4,7,2,4,7,0.0,0.0,0,South Africa,2017
2018,9,0,9,9.0,108.0,3,3,4,7,2,4,7,0.0,0.0,0,South Africa,2018
2010,8,0,8,8.0,26.0,3,3,4,6,2,4,6,0.0,0.0,0,El Salvador,2010
2011,8,0,8,8.0,27.0,3,3,4,6,2,4,6,0.0,0.0,0,El Salvador,2011
2012,8,0,8,8.0,28.0,3,3,4,6,2,4,6,0.0,0.0,0,El Salvador,2012
2013,8,0,8,8.0,29.0,3,3,4,6,2,4,6,0.0,0.0,0,El Salvador,2013
2014,8,0,8,8.0,30.0,3,3,4,6,2,4,6,0.0,0.0,0,El Salvador,2014
2015,8,0,8,8.0,31.0,3,3,4,6,2,4,6,0.0,0.0,0,El Salvador,2015
2016,8,0,8,8.0,32.0,3,3,4,6,2,4,6,0.0,0.0,0,El Salvador,2016
2017,8,0,8,8.0,33.0,3,3,4,6,2,4,6,0.0,0.0,0,El Salvador,2017
2018,8,0,8,8.0,34.0,3,3,4,6,2,4,6,0.0,0.0,0,El Salvador,2018
2010,0,10,-10,-10.0,84.0,3,1,1,1,4,1,1,0.0,0.0,0,Saudi Arabia,2010
2011,0,10,-10,-10.0,85.0,3,1,1,1,4,1,1,0.0,0.0,0,Saudi Arabia,2011
2012,0,10,-10,-10.0,86.0,3,1,1,1,4,1,1,0.0,0.0,0,Saudi Arabia,2012
2013,0,10,-10,-10.0,87.0,3,1,1,1,4,1,1,0.0,0.0,0,Saudi Arabia,2013
2014,0,10,-10,-10.0,88.0,3,1,1,1,4,1,1,0.0,0.0,0,Saudi Arabia,2014
2015,0,10,-10,-10.0,89.0,3,1,1,1,4,1,1,0.0,0.0,0,Saudi Arabia,2015
2016,0,10,-10,-10.0,90.0,3,1,1,1,4,1,1,0.0,0.0,0,Saudi Arabia,2016
2017,0,10,-10,-10.0,91.0,3,1,1,1,4,1,1,0.0,0.0,0,Saudi Arabia,2017
2018,0,10,-10,-10.0,92.0,3,1,1,1,4,1,1,0.0,0.0,0,Saudi Arabia,2018
2011,0,4,-4,-4.0,0.0,1,0,0,2,3,2,2,1.0,0.0,1,Sudan-North,2011
2012,0,4,-4,-4.0,1.0,1,0,0,2,3,2,2,0.0,0.0,0,Sudan-North,2012
2013,0,4,-4,-4.0,2.0,1,0,0,2,3,2,2,0.0,0.0,0,Sudan-North,2013
2014,0,4,-4,-4.0,3.0,1,0,0,2,3,2,2,0.0,0.0,0,Sudan-North,2014
2015,0,4,-4,-4.0,4.0,1,0,0,2,3,2,2,0.0,0.0,0,Sudan-North,2015
2016,0,4,-4,-4.0,5.0,1,0,0,2,3,2,2,0.0,0.0,0,Sudan-North,2016
2017,0,4,-4,-4.0,6.0,1,0,0,2,3,2,2,0.0,0.0,0,Sudan-North,2017
2018,0,4,-4,-4.0,7.0,1,0,0,2,3,2,2,0.0,0.0,0,Sudan-North,2018
2010,7,0,7,7.0,10.0,3,3,4,5,2,4,5,0.0,0.0,0,Senegal,2010
2011,7,0,7,7.0,11.0,3,3,4,5,2,4,5,0.0,0.0,0,Senegal,2011
2012,7,0,7,7.0,12.0,3,3,4,5,2,4,5,0.0,0.0,0,Senegal,2012
2013,7,0,7,7.0,13.0,3,3,4,5,2,4,5,0.0,0.0,0,Senegal,2013
2014,7,0,7,7.0,14.0,3,3,4,5,2,4,5,0.0,0.0,0,Senegal,2014
2015,7,0,7,7.0,15.0,3,3,4,5,2,4,5,0.0,0.0,0,Senegal,2015
2016,7,0,7,7.0,16.0,3,3,4,5,2,4,5,0.0,0.0,0,Senegal,2016
2017,7,0,7,7.0,17.0,3,3,4,5,2,4,5,0.0,0.0,0,Senegal,2017
2018,7,0,7,7.0,18.0,3,3,4,5,2,4,5,0.0,0.0,0,Senegal,2018
2010,9,1,8,8.0,20.0,3,3,4,7,3,4,7,0.0,0.0,0,Serbia,2010
2011,9,1,8,8.0,21.0,3,3,4,7,3,4,7,0.0,0.0,0,Serbia,2011
2012,9,1,8,8.0,22.0,3,3,4,7,3,4,7,0.0,0.0,0,Serbia,2012
2013,9,1,8,8.0,23.0,3,3,4,7,3,4,7,0.0,0.0,0,Serbia,2013
2014,9,1,8,8.0,24.0,3,3,4,7,3,4,7,0.0,0.0,0,Serbia,2014
2015,9,1,8,8.0,25.0,3,3,4,7,3,4,7,0.0,0.0,0,Serbia,2015
2016,9,1,8,8.0,26.0,3,3,4,7,3,4,7,0.0,0.0,0,Serbia,2016
2017,9,1,8,8.0,27.0,3,3,4,7,3,4,7,0.0,0.0,0,Serbia,2017
2018,9,1,8,8.0,28.0,3,3,4,7,3,4,7,0.0,0.0,0,Serbia,2018
2010,8,1,7,7.0,8.0,3,3,4,6,3,4,6,0.0,0.0,0,Sierra Leone,2010
2011,8,1,7,7.0,9.0,3,3,4,6,3,4,6,0.0,0.0,0,Sierra Leone,2011
2012,8,1,7,7.0,10.0,3,3,4,6,3,4,6,0.0,0.0,0,Sierra Leone,2012
2013,8,1,7,7.0,11.0,3,3,4,6,3,4,6,0.0,0.0,0,Sierra Leone,2013
2014,8,1,7,7.0,12.0,3,3,4,6,3,4,6,0.0,0.0,0,Sierra Leone,2014
2015,8,1,7,7.0,13.0,3,3,4,6,3,4,6,0.0,0.0,0,Sierra Leone,2015
2016,8,1,7,7.0,14.0,3,3,4,6,3,4,6,0.0,0.0,0,Sierra Leone,2016
2017,8,1,7,7.0,15.0,3,3,4,6,3,4,6,0.0,0.0,0,Sierra Leone,2017
2018,8,1,7,7.0,16.0,3,3,4,6,3,4,6,0.0,0.0,0,Sierra Leone,2018
2010,2,4,-2,-2.0,45.0,2,2,4,3,4,2,3,0.0,0.0,0,Singapore,2010
2011,2,4,-2,-2.0,46.0,2,2,4,3,4,2,3,0.0,0.0,0,Singapore,2011
2012,2,4,-2,-2.0,47.0,2,2,4,3,4,2,3,0.0,0.0,0,Singapore,2012
2013,2,4,-2,-2.0,48.0,2,2,4,3,4,2,3,0.0,0.0,0,Singapore,2013
2014,2,4,-2,-2.0,49.0,2,2,4,3,4,2,3,0.0,0.0,0,Singapore,2014
2015,2,4,-2,-2.0,50.0,2,2,4,3,4,2,3,0.0,0.0,0,Singapore,2015
2016,2,4,-2,-2.0,51.0,2,2,4,3,4,2,3,0.0,0.0,0,Singapore,2016
2017,2,4,-2,-2.0,52.0,2,2,4,3,4,2,3,0.0,0.0,0,Singapore,2017
2018,2,4,-2,-2.0,53.0,2,2,4,3,4,2,3,0.0,0.0,0,Singapore,2018
2010,10,0,10,10.0,17.0,3,3,4,7,5,5,7,0.0,0.0,0,Slovak Republic,2010
2011,10,0,10,10.0,18.0,3,3,4,7,5,5,7,0.0,0.0,0,Slovak Republic,2011
2012,10,0,10,10.0,19.0,3,3,4,7,5,5,7,0.0,0.0,0,Slovak Republic,2012
2013,10,0,10,10.0,20.0,3,3,4,7,5,5,7,0.0,0.0,0,Slovak Republic,2013
2014,10,0,10,10.0,21.0,3,3,4,7,5,5,7,0.0,0.0,0,Slovak Republic,2014
2015,10,0,10,10.0,22.0,3,3,4,7,5,5,7,0.0,0.0,0,Slovak Republic,2015
2016,10,0,10,10.0,23.0,3,3,4,7,5,5,7,0.0,0.0,0,Slovak Republic,2016
2017,10,0,10,10.0,24.0,3,3,4,7,5,5,7,0.0,0.0,0,Slovak Republic,2017
2018,10,0,10,10.0,25.0,3,3,4,7,5,5,7,0.0,0.0,0,Slovak Republic,2018
2010,10,0,10,10.0,45.0,3,3,4,7,5,5,7,0.0,0.0,0,Slovenia,2010
2011,10,0,10,10.0,46.0,3,3,4,7,5,5,7,0.0,0.0,0,Slovenia,2011
2012,10,0,10,10.0,47.0,3,3,4,7,5,5,7,0.0,0.0,0,Slovenia,2012
2013,10,0,10,10.0,48.0,3,3,4,7,5,5,7,0.0,0.0,0,Slovenia,2013
2014,10,0,10,10.0,49.0,3,3,4,7,5,5,7,0.0,0.0,0,Slovenia,2014
2015,10,0,10,10.0,50.0,3,3,4,7,5,5,7,0.0,0.0,0,Slovenia,2015
2016,10,0,10,10.0,51.0,3,3,4,7,5,5,7,0.0,0.0,0,Slovenia,2016
2017,10,0,10,10.0,52.0,3,3,4,7,5,5,7,0.0,0.0,0,Slovenia,2017
2018,10,0,10,10.0,53.0,3,3,4,7,5,5,7,0.0,0.0,0,Slovenia,2018
2010,9,1,8,8.0,6.0,3,3,4,7,3,4,7,0.0,0.0,0,Solomon Islands,2010
2011,9,1,8,8.0,7.0,3,3,4,7,3,4,7,0.0,0.0,0,Solomon Islands,2011
2012,9,1,8,8.0,8.0,3,3,4,7,3,4,7,0.0,0.0,0,Solomon Islands,2012
2013,9,1,8,8.0,9.0,3,3,4,7,3,4,7,0.0,0.0,0,Solomon Islands,2013
2014,9,1,8,8.0,10.0,3,3,4,7,3,4,7,0.0,0.0,0,Solomon Islands,2014
2015,9,1,8,8.0,11.0,3,3,4,7,3,4,7,0.0,0.0,0,Solomon Islands,2015
2016,9,1,8,8.0,12.0,3,3,4,7,3,4,7,0.0,0.0,0,Solomon Islands,2016
2017,9,1,8,8.0,13.0,3,3,4,7,3,4,7,0.0,0.0,0,Solomon Islands,2017
2018,9,1,8,8.0,14.0,3,3,4,7,3,4,7,0.0,0.0,0,Solomon Islands,2018
2010,-77,-77,-77,0.0,19.0,-77,-77,-77,-77,-77,-77,-77,0.0,1.0,0,Somalia,2010
2012,5,0,5,5.0,0.0,2,2,4,6,1,0,6,1.0,0.0,1,Somalia,2012
2013,5,0,5,5.0,1.0,2,2,4,6,1,0,6,0.0,0.0,0,Somalia,2013
2014,5,0,5,5.0,2.0,2,2,4,6,1,0,6,0.0,0.0,0,Somalia,2014
2015,5,0,5,5.0,3.0,2,2,4,6,1,0,6,0.0,0.0,0,Somalia,2015
2016,5,0,5,5.0,4.0,2,2,4,6,1,0,6,0.0,0.0,0,Somalia,2016
2017,5,0,5,5.0,5.0,2,2,4,6,1,0,6,0.0,0.0,0,Somalia,2017
2018,5,0,5,5.0,6.0,2,2,4,6,1,0,6,0.0,0.0,0,Somalia,2018
2010,10,0,10,10.0,32.0,3,3,4,7,5,5,7,0.0,0.0,0,Spain,2010
2011,10,0,10,10.0,33.0,3,3,4,7,5,5,7,0.0,0.0,0,Spain,2011
2012,10,0,10,10.0,34.0,3,3,4,7,5,5,7,0.0,0.0,0,Spain,2012
2013,10,0,10,10.0,35.0,3,3,4,7,5,5,7,0.0,0.0,0,Spain,2013
2014,10,0,10,10.0,36.0,3,3,4,7,5,5,7,0.0,0.0,0,Spain,2014
2015,10,0,10,10.0,37.0,3,3,4,7,5,5,7,0.0,0.0,0,Spain,2015
2016,10,0,10,10.0,38.0,3,3,4,7,5,5,7,0.0,0.0,0,Spain,2016
2017,10,0,10,10.0,39.0,3,3,4,7,5,5,7,0.0,0.0,0,Spain,2017
2018,10,0,10,10.0,40.0,3,3,4,7,5,5,7,0.0,0.0,0,Spain,2018
2010,4,1,3,3.0,62.0,2,2,4,4,3,3,4,1.0,0.0,0,Sri Lanka,2010
2011,4,1,3,3.0,63.0,2,2,4,4,3,3,4,0.0,0.0,0,Sri Lanka,2011
2012,4,1,3,3.0,64.0,2,2,4,4,3,3,4,0.0,0.0,0,Sri Lanka,2012
2013,4,1,3,3.0,65.0,2,2,4,4,3,3,4,0.0,0.0,0,Sri Lanka,2013
2014,4,1,3,3.0,66.0,2,2,4,4,3,3,4,0.0,0.0,0,Sri Lanka,2014
2015,7,1,6,6.0,0.0,3,3,4,6,3,3,6,1.0,0.0,1,Sri Lanka,2015
2016,7,1,6,6.0,1.0,3,3,4,6,3,3,6,0.0,0.0,0,Sri Lanka,2016
2017,7,1,6,6.0,2.0,3,3,4,6,3,3,6,0.0,0.0,0,Sri Lanka,2017
2018,7,1,6,6.0,3.0,3,3,4,6,3,3,6,1.0,0.0,0,Sri Lanka,2018
2011,2,2,0,0.0,0.0,2,1,4,5,2,0,5,1.0,0.0,1,South Sudan,2011
2012,2,2,0,0.0,1.0,2,1,4,5,2,0,5,0.0,0.0,0,South Sudan,2012
2013,-77,-77,-77,0.0,2.0,-77,-77,-77,-77,-77,-77,-77,0.0,1.0,1,South Sudan,2013
2014,-77,-77,-77,0.0,3.0,-77,-77,-77,-77,-77,-77,-77,0.0,1.0,1,South Sudan,2014
2015,-77,-77,-77,0.0,4.0,-77,-77,-77,-77,-77,-77,-77,0.0,1.0,1,South Sudan,2015
2016,-77,-77,-77,0.0,5.0,-77,-77,-77,-77,-77,-77,-77,0.0,1.0,1,South Sudan,2016
2017,-77,-77,-77,0.0,6.0,-77,-77,-77,-77,-77,-77,-77,0.0,1.0,1,South Sudan,2017
2018,-77,-77,-77,0.0,7.0,-77,-77,-77,-77,-77,-77,-77,0.0,1.0,1,South Sudan,2018
2010,1,3,-2,-2.0,5.0,1,0,0,2,3,3,2,1.0,0.0,0,Sudan,2010
2011,1,3,-2,-2.0,6.0,1,0,0,2,3,3,2,1.0,0.0,0,Sudan,2011
2010,6,1,5,5.0,19.0,2,2,4,5,3,4,5,0.0,0.0,0,Suriname,2010
2011,6,1,5,5.0,20.0,2,2,4,5,3,4,5,0.0,0.0,0,Suriname,2011
2012,6,1,5,5.0,21.0,2,2,4,5,3,4,5,0.0,0.0,0,Suriname,2012
2013,6,1,5,5.0,22.0,2,2,4,5,3,4,5,0.0,0.0,0,Suriname,2013
2014,6,1,5,5.0,23.0,2,2,4,5,3,4,5,0.0,0.0,0,Suriname,2014
2015,6,1,5,5.0,24.0,2,2,4,5,3,4,5,0.0,0.0,0,Suriname,2015
2016,6,1,5,5.0,25.0,2,2,4,5,3,4,5,0.0,0.0,0,Suriname,2016
2017,6,1,5,5.0,26.0,2,2,4,5,3,4,5,0.0,0.0,0,Suriname,2017
2018,6,1,5,5.0,27.0,2,2,4,5,3,4,5,0.0,0.0,0,Suriname,2018
2010,0,7,-7,-7.0,18.0,3,1,2,3,4,2,3,0.0,0.0,0,Swaziland,2010
2011,0,7,-7,-7.0,19.0,3,1,2,3,4,2,3,0.0,0.0,0,Swaziland,2011
2012,0,7,-7,-7.0,20.0,3,1,2,3,4,2,3,0.0,0.0,0,Swaziland,2012
2013,0,7,-7,-7.0,21.0,3,1,2,3,4,2,3,0.0,0.0,0,Swaziland,2013
2014,0,7,-7,-7.0,22.0,3,1,2,3,4,2,3,0.0,0.0,0,Swaziland,2014
2015,0,7,-7,-7.0,23.0,3,1,2,3,4,2,3,0.0,0.0,0,Swaziland,2015
2016,0,7,-7,-7.0,24.0,3,1,2,3,4,2,3,0.0,0.0,0,Swaziland,2016
2017,0,7,-7,-7.0,25.0,3,1,2,3,4,2,3,0.0,0.0,0,Swaziland,2017
2018,0,7,-7,-7.0,26.0,3,1,2,3,4,2,3,0.0,0.0,0,Swaziland,2018
2010,10,0,10,10.0,210.0,3,3,4,7,5,5,7,0.0,0.0,0,Sweden,2010
2011,10,0,10,10.0,211.0,3,3,4,7,5,5,7,0.0,0.0,0,Sweden,2011
2012,10,0,10,10.0,212.0,3,3,4,7,5,5,7,0.0,0.0,0,Sweden,2012
2013,10,0,10,10.0,213.0,3,3,4,7,5,5,7,0.0,0.0,0,Sweden,2013
2014,10,0,10,10.0,214.0,3,3,4,7,5,5,7,0.0,0.0,0,Sweden,2014
2015,10,0,10,10.0,215.0,3,3,4,7,5,5,7,0.0,0.0,0,Sweden,2015
2016,10,0,10,10.0,216.0,3,3,4,7,5,5,7,0.0,0.0,0,Sweden,2016
2017,10,0,10,10.0,217.0,3,3,4,7,5,5,7,0.0,0.0,0,Sweden,2017
2018,10,0,10,10.0,218.0,3,3,4,7,5,5,7,0.0,0.0,0,Sweden,2018
2010,10,0,10,10.0,381.0,3,3,4,7,5,5,7,0.0,0.0,0,Switzerland,2010
2011,10,0,10,10.0,382.0,3,3,4,7,5,5,7,0.0,0.0,0,Switzerland,2011
2012,10,0,10,10.0,383.0,3,3,4,7,5,5,7,0.0,0.0,0,Switzerland,2012
2013,10,0,10,10.0,384.0,3,3,4,7,5,5,7,0.0,0.0,0,Switzerland,2013
2014,10,0,10,10.0,385.0,3,3,4,7,5,5,7,0.0,0.0,0,Switzerland,2014
2015,10,0,10,10.0,386.0,3,3,4,7,5,5,7,0.0,0.0,0,Switzerland,2015
2016,10,0,10,10.0,387.0,3,3,4,7,5,5,7,0.0,0.0,0,Switzerland,2016
2017,10,0,10,10.0,388.0,3,3,4,7,5,5,7,0.0,0.0,0,Switzerland,2017
2018,10,0,10,10.0,389.0,3,3,4,7,5,5,7,0.0,0.0,0,Switzerland,2018
2010,0,6,-6,-6.0,10.0,2,1,4,3,4,2,3,0.0,0.0,0,Syria,2010
2011,0,6,-6,-6.0,11.0,2,1,4,3,4,2,3,0.0,0.0,0,Syria,2011
2012,0,9,-9,-9.0,0.0,2,1,4,1,4,1,1,1.0,0.0,1,Syria,2012
2013,0,9,-9,-9.0,1.0,2,1,4,1,4,1,1,0.0,0.0,0,Syria,2013
2014,0,9,-9,-9.0,2.0,2,1,4,1,4,1,1,0.0,0.0,0,Syria,2014
2015,0,9,-9,-9.0,3.0,2,1,4,1,4,1,1,0.0,0.0,0,Syria,2015
2016,0,9,-9,-9.0,4.0,2,1,4,1,4,1,1,0.0,0.0,0,Syria,2016
2017,0,9,-9,-9.0,5.0,2,1,4,1,4,1,1,0.0,0.0,0,Syria,2017
2018,0,9,-9,-9.0,6.0,2,1,4,1,4,1,1,0.0,0.0,0,Syria,2018
2010,1,4,-3,-3.0,12.0,2,1,4,3,3,3,3,0.0,0.0,0,Tajikistan,2010
2011,1,4,-3,-3.0,13.0,2,1,4,3,3,3,3,0.0,0.0,0,Tajikistan,2011
2012,1,4,-3,-3.0,14.0,2,1,4,3,3,3,3,0.0,0.0,0,Tajikistan,2012
2013,1,4,-3,-3.0,15.0,2,1,4,3,3,3,3,0.0,0.0,0,Tajikistan,2013
2014,1,4,-3,-3.0,16.0,2,1,4,3,3,3,3,0.0,0.0,0,Tajikistan,2014
2015,1,4,-3,-3.0,17.0,2,1,4,3,3,3,3,0.0,0.0,0,Tajikistan,2015
2016,1,4,-3,-3.0,18.0,2,1,4,3,3,3,3,0.0,0.0,0,Tajikistan,2016
2017,1,4,-3,-3.0,19.0,2,1,4,3,3,3,3,0.0,0.0,0,Tajikistan,2017
2018,1,4,-3,-3.0,20.0,2,1,4,3,3,3,3,0.0,0.0,0,Tajikistan,2018
2010,10,0,10,10.0,18.0,3,3,4,7,5,5,7,0.0,0.0,0,Taiwan,2010
2011,10,0,10,10.0,19.0,3,3,4,7,5,5,7,0.0,0.0,0,Taiwan,2011
2012,10,0,10,10.0,20.0,3,3,4,7,5,5,7,0.0,0.0,0,Taiwan,2012
2013,10,0,10,10.0,21.0,3,3,4,7,5,5,7,0.0,0.0,0,Taiwan,2013
2014,10,0,10,10.0,22.0,3,3,4,7,5,5,7,0.0,0.0,0,Taiwan,2014
2015,10,0,10,10.0,23.0,3,3,4,7,5,5,7,0.0,0.0,0,Taiwan,2015
2016,10,0,10,10.0,24.0,3,3,4,7,5,5,7,0.0,0.0,0,Taiwan,2016
2017,10,0,10,10.0,25.0,3,3,4,7,5,5,7,0.0,0.0,0,Taiwan,2017
2018,10,0,10,10.0,26.0,3,3,4,7,5,5,7,0.0,0.0,0,Taiwan,2018
2010,2,3,-1,-1.0,15.0,2,2,4,3,3,2,3,0.0,0.0,0,Tanzania,2010
2011,2,3,-1,-1.0,16.0,2,2,4,3,3,2,3,0.0,0.0,0,Tanzania,2011
2012,2,3,-1,-1.0,17.0,2,2,4,3,3,2,3,0.0,0.0,0,Tanzania,2012
2013,2,3,-1,-1.0,18.0,2,2,4,3,3,2,3,0.0,0.0,0,Tanzania,2013
2014,2,3,-1,-1.0,19.0,2,2,4,3,3,2,3,0.0,0.0,0,Tanzania,2014
2015,4,1,3,3.0,0.0,2,2,4,4,3,3,4,1.0,0.0,1,Tanzania,2015
2016,4,1,3,3.0,1.0,2,2,4,4,3,3,4,0.0,0.0,0,Tanzania,2016
2017,4,1,3,3.0,2.0,2,2,4,4,3,3,4,0.0,0.0,0,Tanzania,2017
2018,4,1,3,3.0,3.0,2,2,4,4,3,3,4,0.0,0.0,0,Tanzania,2018
2010,5,1,4,4.0,2.0,2,2,4,5,3,3,5,0.0,0.0,0,Thailand,2010
2011,7,0,7,7.0,0.0,3,3,4,6,2,3,6,1.0,0.0,1,Thailand,2011
2012,7,0,7,7.0,1.0,3,3,4,6,2,3,6,0.0,0.0,0,Thailand,2012
2013,7,0,7,7.0,2.0,3,3,4,6,2,3,6,0.0,0.0,0,Thailand,2013
2014,0,3,-3,-3.0,0.0,1,0,0,3,3,2,3,1.0,0.0,1,Thailand,2014
2015,0,3,-3,-3.0,1.0,1,0,0,3,3,2,3,0.0,0.0,0,Thailand,2015
2016,0,3,-3,-3.0,2.0,1,0,0,3,3,2,3,0.0,0.0,0,Thailand,2016
2017,0,3,-3,-3.0,3.0,1,0,0,3,3,2,3,0.0,0.0,0,Thailand,2017
2018,0,3,-3,-3.0,4.0,1,0,0,3,3,2,3,0.0,0.0,0,Thailand,2018
2010,0,9,-9,-9.0,19.0,2,1,4,1,4,1,1,0.0,0.0,0,Turkmenistan,2010
2011,0,9,-9,-9.0,20.0,2,1,4,1,4,1,1,0.0,0.0,0,Turkmenistan,2011
2012,0,9,-9,-9.0,21.0,2,1,4,1,4,1,1,0.0,0.0,0,Turkmenistan,2012
2013,0,8,-8,-8.0,22.0,2,1,4,1,4,2,1,1.0,0.0,0,Turkmenistan,2013
2014,0,8,-8,-8.0,23.0,2,1,4,1,4,2,1,0.0,0.0,0,Turkmenistan,2014
2015,0,8,-8,-8.0,24.0,2,1,4,1,4,2,1,0.0,0.0,0,Turkmenistan,2015
2016,0,8,-8,-8.0,25.0,2,1,4,1,4,2,1,0.0,0.0,0,Turkmenistan,2016
2017,0,8,-8,-8.0,26.0,2,1,4,1,4,2,1,0.0,0.0,0,Turkmenistan,2017
2018,0,8,-8,-8.0,27.0,2,1,4,1,4,2,1,0.0,0.0,0,Turkmenistan,2018
2010,1,3,-2,-2.0,17.0,2,1,4,3,2,3,3,1.0,0.0,0,Togo,2010
2011,1,3,-2,-2.0,18.0,2,1,4,3,2,3,3,0.0,0.0,0,Togo,2011
2012,1,3,-2,-2.0,19.0,2,1,4,3,2,3,3,0.0,0.0,0,Togo,2012
2013,1,3,-2,-2.0,20.0,2,1,4,3,2,3,3,0.0,0.0,0,Togo,2013
2014,1,3,-2,-2.0,21.0,2,1,4,3,2,3,3,0.0,0.0,0,Togo,2014
2015,1,3,-2,-2.0,22.0,2,1,4,3,2,3,3,0.0,0.0,0,Togo,2015
2016,1,3,-2,-2.0,23.0,2,1,4,3,2,3,3,0.0,0.0,0,Togo,2016
2017,1,3,-2,-2.0,24.0,2,1,4,3,2,3,3,0.0,0.0,0,Togo,2017
2018,1,3,-2,-2.0,25.0,2,1,4,3,2,3,3,0.0,0.0,0,Togo,2018
2010,9,0,9,9.0,29.0,3,3,4,7,2,4,7,0.0,0.0,0,Trinidad and Tobago,2010
2011,9,0,9,9.0,30.0,3,3,4,7,2,4,7,0.0,0.0,0,Trinidad and Tobago,2011
2012,9,0,9,9.0,31.0,3,3,4,7,2,4,7,0.0,0.0,0,Trinidad and Tobago,2012
2013,9,0,9,9.0,32.0,3,3,4,7,2,4,7,0.0,0.0,0,Trinidad and Tobago,2013
2014,9,0,9,9.0,33.0,3,3,4,7,2,4,7,0.0,0.0,0,Trinidad and Tobago,2014
2015,9,0,9,9.0,34.0,3,3,4,7,2,4,7,0.0,0.0,0,Trinidad and Tobago,2015
2016,9,0,9,9.0,35.0,3,3,4,7,2,4,7,0.0,0.0,0,Trinidad and Tobago,2016
2017,9,0,9,9.0,36.0,3,3,4,7,2,4,7,0.0,0.0,0,Trinidad and Tobago,2017
2018,9,0,9,9.0,37.0,3,3,4,7,2,4,7,0.0,0.0,0,Trinidad and Tobago,2018
2010,1,5,-4,-4.0,17.0,2,1,4,2,3,3,2,0.0,0.0,0,Tunisia,2010
2011,-88,-88,-88,4.0,0.0,-88,-88,-88,-88,-88,-88,-88,0.0,0.0,1,Tunisia,2011
2012,-88,-88,-88,5.0,1.0,-88,-88,-88,-88,-88,-88,-88,0.0,0.0,1,Tunisia,2012
2013,-88,-88,-88,6.0,2.0,-88,-88,-88,-88,-88,-88,-88,0.0,0.0,0,Tunisia,2013
2014,7,0,7,7.0,3.0,2,2,4,6,2,4,6,1.0,0.0,0,Tunisia,2014
2015,7,0,7,7.0,4.0,2,2,4,6,2,4,6,0.0,0.0,0,Tunisia,2015
2016,7,0,7,7.0,5.0,2,2,4,6,2,4,6,0.0,0.0,0,Tunisia,2016
2017,7,0,7,7.0,6.0,2,2,4,6,2,4,6,0.0,0.0,0,Tunisia,2017
2018,7,0,7,7.0,7.0,2,2,4,6,2,4,6,0.0,0.0,0,Tunisia,2018
2010,8,1,7,7.0,27.0,3,3,4,7,3,3,7,0.0,0.0,0,Turkey,2010
2011,9,0,9,9.0,28.0,3,3,4,7,2,4,7,1.0,0.0,0,Turkey,2011
2012,9,0,9,9.0,29.0,3,3,4,7,2,4,7,0.0,0.0,0,Turkey,2012
2013,9,0,9,9.0,30.0,3,3,4,7,2,4,7,0.0,0.0,0,Turkey,2013
2014,4,1,3,3.0,0.0,2,2,4,4,3,3,5,0.0,0.0,1,Turkey,2014
2015,4,1,3,3.0,1.0,2,2,4,4,3,3,5,0.0,0.0,0,Turkey,2015
2016,0,4,-4,-4.0,0.0,1,0,0,3,4,2,3,1.0,0.0,1,Turkey,2016
2017,0,4,-4,-4.0,1.0,1,0,0,3,4,2,3,0.0,0.0,0,Turkey,2017
2018,0,4,-4,-4.0,2.0,1,0,0,3,4,2,3,0.0,0.0,0,Turkey,2018
2010,0,8,-8,-8.0,51.0,3,1,2,3,4,1,3,0.0,0.0,0,UAE,2010
2011,0,8,-8,-8.0,52.0,3,1,2,3,4,1,3,0.0,0.0,0,UAE,2011
2012,0,8,-8,-8.0,53.0,3,1,2,3,4,1,3,0.0,0.0,0,UAE,2012
2013,0,8,-8,-8.0,54.0,3,1,2,3,4,1,3,0.0,0.0,0,UAE,2013
2014,0,8,-8,-8.0,55.0,3,1,2,3,4,1,3,0.0,0.0,0,UAE,2014
2015,0,8,-8,-8.0,56.0,3,1,2,3,4,1,3,0.0,0.0,0,UAE,2015
2016,0,8,-8,-8.0,57.0,3,1,2,3,4,1,3,0.0,0.0,0,UAE,2016
2017,0,8,-8,-8.0,58.0,3,1,2,3,4,1,3,0.0,0.0,0,UAE,2017
2018,0,8,-8,-8.0,59.0,3,1,2,3,4,1,3,0.0,0.0,0,UAE,2018
2010,1,2,-1,-1.0,5.0,2,0,0,3,3,3,3,0.0,0.0,0,Uganda,2010
2011,1,2,-1,-1.0,6.0,2,0,0,3,3,3,3,0.0,0.0,0,Uganda,2011
2012,1,2,-1,-1.0,7.0,2,0,0,3,3,3,3,0.0,0.0,0,Uganda,2012
2013,1,2,-1,-1.0,8.0,2,0,0,3,3,3,3,0.0,0.0,0,Uganda,2013
2014,1,2,-1,-1.0,9.0,2,0,0,3,3,3,3,0.0,0.0,0,Uganda,2014
2015,1,2,-1,-1.0,10.0,2,0,0,3,3,3,3,0.0,0.0,0,Uganda,2015
2016,1,2,-1,-1.0,11.0,2,0,0,3,3,3,3,0.0,0.0,0,Uganda,2016
2017,1,2,-1,-1.0,12.0,2,0,0,3,3,3,3,0.0,0.0,0,Uganda,2017
2018,1,2,-1,-1.0,13.0,2,0,0,3,3,3,3,0.0,0.0,0,Uganda,2018
2010,10,0,10,10.0,130.0,3,3,4,7,5,5,7,0.0,0.0,0,United Kingdom,2010
2011,10,0,10,10.0,131.0,3,3,4,7,5,5,7,0.0,0.0,0,United Kingdom,2011
2012,10,0,10,10.0,132.0,3,3,4,7,5,5,7,0.0,0.0,0,United Kingdom,2012
2013,10,0,10,10.0,133.0,3,3,4,7,5,5,7,0.0,0.0,0,United Kingdom,2013
2014,10,0,10,10.0,134.0,3,3,4,7,5,5,7,0.0,0.0,0,United Kingdom,2014
2015,10,0,10,10.0,135.0,3,3,4,7,5,5,7,0.0,0.0,0,United Kingdom,2015
2016,8,0,8,8.0,136.0,3,3,4,7,2,3,7,1.0,0.0,0,United Kingdom,2016
2017,8,0,8,8.0,137.0,3,3,4,7,2,3,7,0.0,0.0,0,United Kingdom,2017
2018,8,0,8,8.0,138.0,3,3,4,7,2,3,7,0.0,0.0,0,United Kingdom,2018
2010,6,0,6,6.0,158.0,3,3,4,5,2,3,5,1.0,0.0,0,Ukraine,2010
2011,6,0,6,6.0,159.0,3,3,4,5,2,3,5,0.0,0.0,0,Ukraine,2011
2012,6,0,6,6.0,160.0,3,3,4,5,2,3,5,0.0,0.0,0,Ukraine,2012
2013,6,0,6,6.0,161.0,3,3,4,5,2,3,5,0.0,0.0,0,Ukraine,2013
2014,5,1,4,4.0,162.0,2,2,4,5,3,3,5,1.0,1.0,0,Ukraine,2014
2015,5,1,4,4.0,163.0,2,2,4,5,3,3,5,0.0,0.0,0,Ukraine,2015
2016,5,1,4,4.0,164.0,2,2,4,5,3,3,5,0.0,0.0,0,Ukraine,2016
2017,5,1,4,4.0,165.0,2,2,4,5,3,3,5,0.0,0.0,0,Ukraine,2017
2018,5,1,4,4.0,166.0,2,2,4,5,3,3,5,0.0,0.0,0,Ukraine,2018
2010,10,0,10,10.0,25.0,3,3,4,7,5,5,7,0.0,0.0,0,Uruguay,2010
2011,10,0,10,10.0,26.0,3,3,4,7,5,5,7,0.0,0.0,0,Uruguay,2011
2012,10,0,10,10.0,27.0,3,3,4,7,5,5,7,0.0,0.0,0,Uruguay,2012
2013,10,0,10,10.0,28.0,3,3,4,7,5,5,7,0.0,0.0,0,Uruguay,2013
2014,10,0,10,10.0,29.0,3,3,4,7,5,5,7,0.0,0.0,0,Uruguay,2014
2015,10,0,10,10.0,30.0,3,3,4,7,5,5,7,0.0,0.0,0,Uruguay,2015
2016,10,0,10,10.0,31.0,3,3,4,7,5,5,7,0.0,0.0,0,Uruguay,2016
2017,10,0,10,10.0,32.0,3,3,4,7,5,5,7,0.0,0.0,0,Uruguay,2017
2018,10,0,10,10.0,33.0,3,3,4,7,5,5,7,0.0,0.0,0,Uruguay,2018
2010,10,0,10,10.0,145.0,3,3,4,7,5,5,7,0.0,0.0,0,United States,2010
2011,10,0,10,10.0,146.0,3,3,4,7,5,5,7,0.0,0.0,0,United States,2011
2012,10,0,10,10.0,147.0,3,3,4,7,5,5,7,0.0,0.0,0,United States,2012
2013,10,0,10,10.0,148.0,3,3,4,7,5,5,7,0.0,0.0,0,United States,2013
2014,10,0,10,10.0,149.0,3,3,4,7,5,5,7,0.0,0.0,0,United States,2014
2015,10,0,10,10.0,150.0,3,3,4,7,5,5,7,0.0,0.0,0,United States,2015
2016,8,0,8,8.0,151.0,3,3,4,7,2,3,7,0.0,0.0,0,United States,2016
2017,8,0,8,8.0,152.0,3,3,4,7,2,3,7,0.0,0.0,0,United States,2017
2018,8,0,8,8.0,153.0,3,3,4,7,2,3,7,0.0,0.0,0,United States,2018
2019,7,0,7,7.0,154.0,3,3,4,6,2,3,6,0.0,0.0,0,United States,2019
2020,5,0,5,5.0,155.0,3,3,4,4,2,3,4,1.0,0.0,0,United States,2020
2010,0,9,-9,-9.0,19.0,2,1,4,1,4,1,1,0.0,0.0,0,Uzbekistan,2010
2011,0,9,-9,-9.0,20.0,2,1,4,1,4,1,1,0.0,0.0,0,Uzbekistan,2011
2012,0,9,-9,-9.0,21.0,2,1,4,1,4,1,1,0.0,0.0,0,Uzbekistan,2012
2013,0,9,-9,-9.0,22.0,2,1,4,1,4,1,1,0.0,0.0,0,Uzbekistan,2013
2014,0,9,-9,-9.0,23.0,2,1,4,1,4,1,1,0.0,0.0,0,Uzbekistan,2014
2015,0,9,-9,-9.0,24.0,2,1,4,1,4,1,1,0.0,0.0,0,Uzbekistan,2015
2016,0,9,-9,-9.0,25.0,2,1,4,1,4,1,1,0.0,0.0,0,Uzbekistan,2016
2017,0,9,-9,-9.0,26.0,2,1,4,1,4,1,1,0.0,0.0,0,Uzbekistan,2017
2018,0,9,-9,-9.0,27.0,2,1,4,1,4,1,1,0.0,0.0,0,Uzbekistan,2018
2010,1,4,-3,-3.0,1.0,2,1,4,3,3,3,3,0.0,0.0,0,Venezuela,2010
2011,1,4,-3,-3.0,2.0,2,1,4,3,3,3,3,0.0,0.0,0,Venezuela,2011
2012,1,4,-3,-3.0,3.0,2,1,4,3,3,3,3,0.0,0.0,0,Venezuela,2012
2013,4,0,4,4.0,0.0,2,2,4,4,2,3,4,1.0,0.0,1,Venezuela,2013
2014,4,0,4,4.0,1.0,2,2,4,4,2,3,4,0.0,0.0,1,Venezuela,2014
2015,4,0,4,4.0,2.0,2,2,4,4,2,3,4,0.0,0.0,1,Venezuela,2015
2016,4,0,4,4.0,3.0,2,2,4,4,2,3,4,0.0,0.0,0,Venezuela,2016
2017,1,4,-3,-3.0,0.0,2,1,4,3,3,3,3,1.0,0.0,1,Venezuela,2017
2018,1,4,-3,-3.0,1.0,2,1,4,3,3,3,3,0.0,0.0,0,Venezuela,2018
2010,0,7,-7,-7.0,34.0,2,1,4,3,4,1,3,0.0,0.0,0,Vietnam,2010
2011,0,7,-7,-7.0,35.0,2,1,4,3,4,1,3,0.0,0.0,0,Vietnam,2011
2012,0,7,-7,-7.0,36.0,2,1,4,3,4,1,3,0.0,0.0,0,Vietnam,2012
2013,0,7,-7,-7.0,37.0,2,1,4,3,4,1,3,0.0,0.0,0,Vietnam,2013
2014,0,7,-7,-7.0,38.0,2,1,4,3,4,1,3,0.0,0.0,0,Vietnam,2014
2015,0,7,-7,-7.0,39.0,2,1,4,3,4,1,3,0.0,0.0,0,Vietnam,2015
2016,0,7,-7,-7.0,40.0,2,1,4,3,4,1,3,0.0,0.0,0,Vietnam,2016
2017,0,7,-7,-7.0,41.0,2,1,4,3,4,1,3,0.0,0.0,0,Vietnam,2017
2018,0,7,-7,-7.0,42.0,2,1,4,3,4,1,3,0.0,0.0,0,Vietnam,2018
2010,1,3,-2,-2.0,20.0,1,0,0,2,3,3,2,0.0,0.0,0,Yemen,2010
2011,1,3,-2,-2.0,21.0,1,0,0,2,3,3,2,0.0,0.0,0,Yemen,2011
2012,3,0,3,3.0,0.0,2,0,0,5,2,3,5,1.0,0.0,1,Yemen,2012
2013,3,0,3,3.0,1.0,2,0,0,5,2,3,5,0.0,0.0,0,Yemen,2013
2014,-77,-77,-77,0.0,0.0,-77,-77,-77,-77,-77,-77,-77,0.0,1.0,1,Yemen,2014
2015,-77,-77,-77,0.0,1.0,-77,-77,-77,-77,-77,-77,-77,0.0,1.0,1,Yemen,2015
2016,-77,-77,-77,0.0,2.0,-77,-77,-77,-77,-77,-77,-77,0.0,1.0,1,Yemen,2016
2017,-77,-77,-77,0.0,3.0,-77,-77,-77,-77,-77,-77,-77,0.0,1.0,1,Yemen,2017
2018,-77,-77,-77,0.0,4.0,-77,-77,-77,-77,-77,-77,-77,0.0,1.0,1,Yemen,2018
2010,6,1,5,5.0,18.0,2,2,4,5,3,4,5,0.0,0.0,0,Congo Kinshasa,2010
2011,6,1,5,5.0,19.0,2,2,4,5,3,4,5,0.0,0.0,0,Congo Kinshasa,2011
2012,6,1,5,5.0,20.0,2,2,4,5,3,4,5,0.0,0.0,0,Congo Kinshasa,2012
2013,6,1,5,5.0,21.0,2,2,4,5,3,4,5,0.0,0.0,0,Congo Kinshasa,2013
2014,6,1,5,5.0,22.0,2,2,4,5,3,4,5,0.0,0.0,0,Congo Kinshasa,2014
2015,6,1,5,5.0,23.0,2,2,4,5,3,4,5,0.0,0.0,0,Congo Kinshasa,2015
2016,1,4,-3,-3.0,0.0,2,1,4,3,3,3,3,1.0,0.0,1,Congo Kinshasa,2016
2017,1,4,-3,-3.0,1.0,2,1,4,3,3,3,3,0.0,0.0,0,Congo Kinshasa,2017
2018,1,4,-3,-3.0,2.0,2,1,4,3,3,3,3,0.0,0.0,0,Congo Kinshasa,2018
2010,7,0,7,7.0,9.0,3,3,4,5,2,4,5,0.0,0.0,0,Zambia,2010
2011,7,0,7,7.0,10.0,3,3,4,5,2,4,5,0.0,0.0,0,Zambia,2011
2012,7,0,7,7.0,11.0,3,3,4,5,2,4,5,0.0,0.0,0,Zambia,2012
2013,7,0,7,7.0,12.0,3,3,4,5,2,4,5,0.0,0.0,0,Zambia,2013
2014,7,0,7,7.0,13.0,3,3,4,5,2,4,5,0.0,0.0,0,Zambia,2014
2015,7,0,7,7.0,14.0,3,3,4,5,2,4,5,0.0,0.0,0,Zambia,2015
2016,6,0,6,6.0,15.0,3,3,4,5,2,3,5,1.0,0.0,0,Zambia,2016
2017,6,0,6,6.0,16.0,3,3,4,5,2,3,5,0.0,0.0,0,Zambia,2017
2018,6,0,6,6.0,17.0,3,3,4,5,2,3,5,0.0,0.0,0,Zambia,2018
2010,3,2,1,1.0,1.0,2,2,4,3,3,3,3,0.0,0.0,0,Zimbabwe,2010
2011,3,2,1,1.0,2.0,2,2,4,3,3,3,3,0.0,0.0,0,Zimbabwe,2011
2012,3,2,1,1.0,3.0,2,2,4,3,3,3,3,0.0,0.0,0,Zimbabwe,2012
2013,5,1,4,4.0,0.0,2,2,4,5,3,3,5,1.0,0.0,1,Zimbabwe,2013
2014,5,1,4,4.0,1.0,2,2,4,5,3,3,5,0.0,0.0,0,Zimbabwe,2014
2015,5,1,4,4.0,2.0,2,2,4,5,3,3,5,0.0,0.0,0,Zimbabwe,2015
2016,5,1,4,4.0,3.0,2,2,4,5,3,3,5,0.0,0.0,0,Zimbabwe,2016
2017,5,1,4,4.0,4.0,2,2,4,5,3,3,5,0.0,0.0,0,Zimbabwe,2017
2018,5,1,4,4.0,5.0,2,2,4,5,3,3,5,0.0,0.0,0,Zimbabwe,2018
